"","year","c_regin","regin","x1","x2","x3","x28","x4","x5","x6","x5.","x6.","x7","x8","x9","x10","x11","x13","x14","x15","x17","x18","x19","x20","x21","x22","x23","x24","x25","x26","x27","id","critic_set1","critic_set2","entropy_set1","entropy_set2","combine_set1","combine_set2"
"1",2013,"北京","d11",377.3152075,185.7328,513.6,100,3601,1.801681794,3,0.158882332,4,94.19999695,2855,713.9998779,2853,921,44.01000214,0.98,24,3618500,41,292,17,6408.502441,9295.796875,1616.924072,8.75193882,244619.9688,0.590000033,154.71,"d11",0.156740835559488,0.138809132727808,0.16721724306261,0.145419877557915,0.161846552594562,0.142034074076993
"2",2014,"北京","d11",551.6153335,265.4888,469.15,100,4094,1.77272357,3,0.34942519,6,99.11878967,2787.000244,534.000061,3203,945,27.92000198,1.03,24,3712745.25,41,344,17,7433.283691,11519.77734,1765.761719,8.563950539,249385.9219,0.550000012,163.9,"d11",0.165123997204231,0.153189974074378,0.180513269692824,0.167371728143906,0.172624017672029,0.160108305711457
"3",2015,"北京","d11",850.1840207,485.7,506.68,100,4229,1.641220377,6,0.536438147,6,104.2944183,2651.000244,647,4722,1399,29.32999992,1.12,24,3678397,40,395,54,8621.9375,14275.83398,1928.299927,8.379999161,275831.9063,0.480000019,188.5,"d11",0.200034628489692,0.180643747448533,0.227856974275415,0.202602553869267,0.213593954507848,0.191355984061032
"4",2016,"北京","d11",840.0646467,645.7379,529.15,100,4394,1.608637395,6,0.617167335,8,109.740303,2546.000488,726.9998779,5416,1840,46.81999588,1.19,24,3684369,41,485,69,10000.66895,17691.26563,2105.799561,8.199999809,352798.0625,0.550000012,198.35,"d11",0.215231946041696,0.201238134722051,0.245353765422012,0.228232334031237,0.22991192926034,0.214406803575196
"5",2017,"北京","d11",953.160614,537.4574,546.85,100,4544,1.612657595,8,1.491941094,9,115.4705505,2814.000244,746.9998779,6321,2288,30.00000191,1.27,23,4356057,71.00001526,451,66,11599.87207,21923.82617,2700.399414,9.640000343,361972,0.529999971,208.96,"d11",0.234710501169068,0.220525097591249,0.271211576055016,0.252214799984194,0.25249943881665,0.235984389125982
"6",2018,"北京","d11",1069.527512,443.4713,571.5,100,4496,1.661766425,9,2.107128108,9,121.5000153,2579.999756,714.9998169,8026,3176,44.65000153,1.27,23,4422917,82,414,61,13454.80469,27169.00781,3075.099854,9.289999962,348419.9375,0.469999999,245.43,"d11",0.244827761364577,0.229595211665416,0.289203567083003,0.267457053612019,0.266454479028451,0.248065478297672
"7",2019,"北京","d11",1124.91651,504.9877,593.5,100,4461,1.60920173,10,1.495396403,10,121.0261383,1716.999756,1282.999756,8671,3920,48.32999802,1.34,23,4426246.5,81.00000763,370,52,15450.73926,671544.875,3318.000488,9.359998703,474695.0625,0.639999986,279.32,"d11",0.269060197322131,0.25096546763882,0.316221560653955,0.291236304367657,0.292044467081479,0.270610922102833
"8",2020,"北京","d11",1161.779166,373.2,605.08,100,4540,1.616748624,11,1.156718307,11,120.5541077,1804.999878,2302.222168,10472,4247,82.36000061,1.4,23,4653638.5,80,393,55,17742.75781,16598786,3769.998535,10.48999977,463028.8438,0.649999976,225.11,"d11",0.298494089540913,0.277833261950194,0.345646449928111,0.317865669663547,0.321473971680962,0.297362402804979
"9",2021,"北京","d11",1232.169918,566.007,614.39,100,4724,1.485040584,10,0.425705352,11,120.0839233,1897.510254,4131.120605,13263,5612,23.80000114,1.43,20,4892712.5,79.01234436,495,64,20374.7832,410277408,4283.570313,11.75642109,451649.3438,0.66015625,220.06,"d11",0.465016953295836,0.441602224808519,0.525022240635017,0.496488635825483,0.494260758261506,0.468377642850796
"10",2013,"天津","d12",72.5108435,11.5133,255.71,100,3148,0,0,0.235321803,1,36,111.9999847,25.00000191,1412,86,93.14001465,1,31,1057628.875,20,58,26,2287.600098,3749.299561,749.7883911,5.282534599,95616.03125,0.379999995,44.53,"d12",0.0424824436180335,0.0450520144284382,0.0393388493756106,0.0434540588189278,0.0409504010099051,0.0442724784984169
"11",2014,"天津","d12",79.3676075,15.3507,283.86,100,3605,0,0,0.165809982,1,32.03916931,115.0000076,23,1149,140,25.5,1.05,31,1034700.688,22.00000191,66,28,2273.671631,3861.553711,766.8988647,5.003920078,122665.9766,0.430000007,47.87,"d12",0.0436357840468411,0.0458886176792309,0.0396043976951618,0.0434098301300817,0.041671072578277,0.0446793826129055
"12",2015,"天津","d12",25.6538697,34.9,318.57,100,3714,0,0,0.171732784,1,28.51411629,131.0000153,23,1975,169,13.62999916,1.1,31,1025327.625,22.00000191,86,50,2259.827881,3977.168945,784.3998413,4.740000248,153743.9375,0.480000019,51.73,"d12",0.0452342392939848,0.0474559903300346,0.0400931447140665,0.0439147035716582,0.0427287073005229,0.045728432786988
"13",2016,"天津","d12",36.70904149,35.3755,335.05,100,3639,0,0,0.189861401,1,25.37690353,132.0000153,23,1963,149,15.74000168,1.16,31,986885.25,22.00000191,84,51,2246.068359,4096.245605,802.3001709,4.490000248,158048.0625,0.430000007,57.16,"d12",0.0442375150259383,0.0465576673255576,0.0397034315909294,0.043612214779716,0.0420278122222173,0.0451207775421424
"14",2017,"天津","d12",46.73683588,26.5043,341.53,100,4387,1.09925241,1,0.303859009,2,22.58485603,111.0000153,23,2080,234,37.34000397,1.07,32,1055710.25,61.99999619,103,57,2232.392822,4218.887207,619.7998657,3.339999914,186858.0313,0.569999993,57.94,"d12",0.0622271534814828,0.0541369783688666,0.0608707757697668,0.0513403681183089,0.0615661176458073,0.0527726988109109
"15",2018,"天津","d12",46.50629189,26.7328,348,100,4341,1.090052302,1,0.374847056,2,20.09999847,65.00001526,21.00000191,2145,254,24.66000175,1.07,29,1049957,65.00001526,121,68,2218.800293,4345.200684,573.8001099,4.290000439,179248.9531,0.580000043,52.92,"d12",0.0631215241786124,0.0553886425184714,0.0611997379581517,0.05208143759398,0.0621849343561324,0.0537752778847852
"16",2019,"天津","d12",43.77725523,33.4146,351.1,100,4550,1.054862969,1,0.226346707,2,17.60323334,75.00000763,20,2077,234,8.750000954,1.2,29,1056414.25,68,151,74,2000.923218,83489.19531,502.0000916,3.569999933,170602,0.49000001,46.41,"d12",0.0596640100268205,0.051726847634338,0.0580229802108237,0.0487304055125031,0.0588642479056828,0.0502650834387009
"17",2020,"天津","d12",52.26554834,33.7,353.6,100,4690,0.996162325,1,0.887608096,2,15.41660881,50.00000381,22.00000191,2813,266,4.900000095,1.34,27,1105698.625,71.00001526,113,85,1804.440796,1604171.125,377.0000305,2.690000057,133271.9531,0.420000017,34.01,"d12",0.0562742550389326,0.0515955176697981,0.0551429389657444,0.0494921851216757,0.055722903848631,0.0505694420489946
"18",2021,"天津","d12",55.57705451,30.2823,356.05,100,4562,1.143034472,1,0.375094655,2,13.50160027,33.33333588,24.20000267,3323,350,2.74399972,1.57,20,1157282.375,74.13237762,112,114,1627.252197,30822730,283.1254883,2.02691865,104110.2266,0.360000014,36.97,"d12",0.0649037474557616,0.056621931863055,0.0658061762376814,0.0559756434329603,0.0653435495542783,0.0563066508568634
"19",2013,"河北","d13",54.30799641,25.3335,687.29,99.27,6774,0,0,0,0,48.50000381,4290.999512,113.0000076,601,43,79.40000153,0.26,173,573196.875,102.9999924,500,77,1575.199707,1869.900269,745.322998,2.888084173,127774.9922,0.289999992,72.71,"d13",0.084691921316555,0.082381322276941,0.0744795687577005,0.0729840243563952,0.0797148924626862,0.0777970075872326
"20",2014,"河北","d13",67.86153241,35.9846,750.29,99.27,6968,0,0,0,0,50.28386688,4051.999756,164,709,40,164.4799957,0.29,172,603224.25,104.9999847,458,77,1590.711182,2231.020508,846.0546265,3.049529791,143751.0469,0.310000002,82.66,"d13",0.0887493099804874,0.0863664245438105,0.0793754119025821,0.0777815593219046,0.0841809051062834,0.0821784415641602
"21",2015,"河北","d13",63.0949941,60.4,821.95,99.27,7400,0,0,0,0,52.13333893,3973.001953,160,1244,56,150.9538269,0.3,172,613234,106.9999847,596,108,1606.375488,2661.881348,960.4002075,3.220000029,185348.0313,0.330000013,88.34,"d13",0.0947429080606357,0.0922181705065122,0.0852897729961674,0.0835771604687241,0.0901358867397173,0.0880027982170436
"22",2016,"河北","d13",87.2714725,74.9406,755.59,99.28,7696,0,0,0,0,54.05083466,3961.998779,170,1531,86,138.5399933,0.31,172,558197.75,111.0000153,712,112,1622.194092,3175.951416,1090.199829,3.399999857,184922,0.310000002,87.54,"d13",0.0978267230213795,0.0952306645679293,0.0889626019063728,0.0871762392377132,0.093506759888563,0.0913014478217261
"23",2017,"河北","d13",105.4868588,63.7602,628.42,99.29,7994,0,0,0,0,56.03886032,3860.999268,167,1803,94,116.25,0.34,173,533944.125,121.9999771,735,96,1638.168457,3789.299805,1101.300171,3.24000001,251894.0313,0.379999995,103.19,"d13",0.09981579860089,0.0971660778442508,0.0904872958831008,0.088670317468692,0.0952695173280627,0.0930215631742663
"24",2018,"河北","d13",102.5297925,86.8084,653.2,99.299,8052,0,0,0,0,58.1000061,3661.001465,164,2184,127,151.5700073,0.34,173,553929.875,134.0000305,450,81,1654.300049,4521.100098,845.6000366,2.599999905,270383.0938,0.350000024,115.17,"d13",0.0952748224140766,0.0927648328174283,0.0871562254883216,0.0854061347286396,0.0913181933298819,0.0891750149750241
"25",2019,"河北","d13",111.6138362,138.385,570.8,99.68,8135,0,0,0,0,54.67932892,3662.000244,156.0000305,2391,136,159.8599854,0.36,173,564751.25,136,749,112,1689.530518,91354.35938,930,2.660000086,297965.0625,0.359999985,158,"d13",0.104667855002305,0.101921156484267,0.0965167327248179,0.0945786836508703,0.10069537456426,0.0983392538614574
"26",2020,"河北","d13",121.2179394,100.2,594.81,99.83,7911,0,0,0,0,51.46004868,3563.998779,170,3565,194,157.2999573,0.4,176,578197.9375,148.0000153,770,100,1725.511353,1845926.5,897.0001831,2.49000001,353883.125,0.389999986,163.73,"d13",0.106738895971346,0.103931441078239,0.0982228721354106,0.0962505639044094,0.102588579371188,0.100184453555278
"27",2021,"河北","d13",127.734554,81.3126,599.02,99.86,8112,0,0,0,0,48.43030548,3468.620117,185.2563782,4245,285,155.7099609,0.46,177,591964.875,161.0588684,874,128,1762.258301,37299204,865.1713257,2.330864668,420295.0938,0.422500014,127.08,"d13",0.12053483299393,0.117382419249007,0.11275994585076,0.1104957342217,0.116745712179297,0.114022865087693
"28",2013,"上海","d31",92.12228038,78.2976,518.56,100,7071,1.315177688,3,0.841750842,2,71.00001526,117.0000229,46.99999619,2970,506,1559.40979,3,25,3994789.5,100.0000076,148,127,7763.196777,7703.202148,1255.739502,6.285461903,294524,0.649999976,89.17,"d31",0.146982761860588,0.131471867071862,0.16203073935065,0.141279982810205,0.154316450913016,0.13625659236607
"29",2014,"上海","d31",113.1036124,102.3124,554.65,100,7016,1.196177852,3,0.620237462,2,70.57495117,86.99999237,44.00000381,2751,607,1656.620117,3.04,25,4059742,102.9999924,158,92,8335.698242,8699.983398,1431.86792,6.391830921,332622.875,0.680000007,86.38,"d31",0.151345523506482,0.135962570733119,0.167783137217989,0.147341081958833,0.159356457055773,0.141513387212504
"30",2015,"上海","d31",102.3781014,204.8,670.66,100,6545,1.451551048,3,1.127394055,2,70.15242767,75.00000763,40,3138,769,1403.990234,3.13,25,3850202.25,99.00000763,180,50,8950.418945,9825.746094,1632.699829,6.5,365523.1563,0.590000033,108.22,"d31",0.151624535158413,0.135988907514872,0.169929314989036,0.148673044915029,0.160545439216091,0.142176651896444
"31",2016,"上海","d31",166.1722835,263.2136,492.42,100,6170,1.361826887,4,0.732549163,3,69.73243713,60.99998856,38,3594,950,1545.730225,3.17,24,4005830,99.00000763,205,47,9610.472656,11097.18164,1861.700073,6.610000134,422148.1563,0.610000014,113.34,"d31",0.163976103859733,0.146972805355012,0.18695630275882,0.164047236856923,0.175175591179551,0.155302281318681
"32",2017,"上海","d31",189.2366422,240.5562,485.08,100,6283,1.328251309,6,1.157353758,5,69.31496429,55.99999237,36.99999619,4062,924,1456.5,3.21,24,4608884,98.00001526,199,49,10319.20313,12533.13867,2081.400391,6.789999962,438826.0938,0.580000043,191.32,"d31",0.174343457283081,0.158431865229251,0.201440763290985,0.179228981714351,0.187549432408422,0.168577390827388
"33",2018,"上海","d31",206.9686319,147.4461,451.5,100,6285,1.311996248,6,1.985428605,5,68.89998627,64,40,5217,1250,1305.969849,3.21,23,4692056.5,100.0000076,254,45,11080.19824,14154.90527,2193.100098,6.090000153,478665.9375,0.569999993,186.52,"d31",0.17158734619388,0.159191476652024,0.198990782429965,0.18064543118505,0.184942515050041,0.169657429711047
"34",2019,"上海","d31",211.7050093,138.8849,425.4,100,6643,1.302177482,6,2.217319882,5,71.54941559,100.0000076,42.00000381,5573,1451,943,3.26,23,4907844.5,98.00001526,311,50,12031.49121,346964.2813,2302.000488,6.059999943,629480.1875,0.769999981,179.87,"d31",0.176001277100728,0.164497594233832,0.200176052346269,0.182937579823401,0.187782945745582,0.173493232930297
"35",2020,"上海","d31",223.9088153,140.7,733.19,100,6323,1.290391793,6,1.552964073,5,74.30071259,111.0000153,44.1000061,7845,1636,1031.839966,3.32,23,2115494.75,106.9999847,315,61,13064.45703,8504769,2389.999512,6.130000114,483671.8125,0.599999964,161.26,"d31",0.168428911919727,0.15458099181883,0.196468331843523,0.176532692830175,0.182094029844536,0.165289762176144
"36",2021,"上海","d31",238.0356144,148.4185,738.72,100,6713,1.302823665,7,0.620367655,6,77.15781403,123.2100296,46.30500793,10072,2151,953.4199219,3.25,22,911870.5,116.8264771,298,83,14186.10938,208468448,2481.362549,6.200809002,371637.4375,0.467532456,156.42,"d31",0.225959051964611,0.206632262690624,0.266843195036368,0.240631302299115,0.245884094559954,0.223218125779248
"37",2013,"江苏","d32",125.9479871,64.8607,1661.94,99.88,10100,1.189660748,1,0.04946577,4,193.1000366,375.0000305,110.0000076,21727,585,1922.830322,0.73,113,2607434,292.000061,291,110,11101.79688,11884.4043,2827.468018,4.930239201,369077.125,0.469999999,173.54,"d32",0.185452897264676,0.177987337877635,0.211879440398911,0.204892204549876,0.198331973552838,0.191112427297279
"38",2014,"江苏","d32",145.1157211,83.6449,1787.11,99.88,10026,1.392154595,3,0.470708327,4,200.5779877,356.999939,104.0000153,11558,669,2812.590332,0.79,114,2654417,301.0000305,287,111,11932.80273,14387.15039,3137.668213,4.950079441,343979.9688,0.409999996,190.86,"d32",0.208671862644141,0.194765804300859,0.245737180479159,0.228527507325787,0.226735786238588,0.211235886704904
"39",2015,"江苏","d32",119.9967387,130.3,1761.07,100,10291,1.264930404,3,0.939395582,4,208.3455353,391,92.99999237,15452,1033,2727.679932,0.86,114,2601976.5,312.000061,369,207,12826.0127,17416.95313,3481.900391,4.96999979,403417.0938,0.420000017,196.06,"d32",0.218309304102843,0.207223333817326,0.256421044948202,0.24254032906046,0.236883205930592,0.224452139529176
"40",2016,"江苏","d32",134.1772749,173.2428,1754.1,100,10586,1.430802154,4,1.022035175,5,216.4138794,456,100.9999924,13578,1446,3066.241455,0.95,114,2519958,316.999939,444,223,13786.08203,21084.80273,3863.898193,4.990000248,470803.8125,0.469999999,193.28,"d32",0.238606568438101,0.225539354127999,0.282650961476301,0.266028969629318,0.26007177087201,0.245291536158699
"41",2017,"江苏","d32",129.1048089,161.6149,1478.65,100,11739,1.250622509,5,2.164792611,5,224.7946777,380,90.00000763,15511,1402,2717.759766,1.07,115,2659817.25,321.999939,628,254,14818.01563,25525.06836,3979.20166,4.630000114,578083.8125,0.540000021,194.37,"d32",0.240807088812991,0.230986486560692,0.283783615833171,0.26974774408387,0.261751862682265,0.249895518045857
"42",2018,"江苏","d32",137.8142304,188.3479,1566.7,100,12027,1.28094542,5,2.088952107,5,233.5000305,393.0000305,92.99999237,15898,1783,1843.460205,1.07,116,2676968.75,328.9999695,662,249,15927.19238,30900.41211,4657.098633,5,620415.875,0.529999971,197.22,"d32",0.233925223515507,0.223710577820638,0.274428017616115,0.259892533229138,0.253664414239612,0.241361339889052
"43",2019,"江苏","d32",143.8429105,242.5387,1500,100,12545,1.111768981,5,1.939008899,5,234.8599396,412.9999695,91,12086,1813,2577.320313,1.16,117,2839684,345.0000305,626,244,16668.95508,750865.25,4834.001465,4.900000095,720519.75,0.569999993,264.53,"d32",0.252834497160025,0.243168862111829,0.298315329682809,0.284625804303703,0.274999753839066,0.263392938297078
"44",2020,"江苏","d32",141.6309584,206.7,1515.34,100,13957,1.074361711,5,1.27766068,5,236.2277527,352.9999695,80,16401,2127,2091.869629,1.23,120,2566899.25,366.999939,620,274,17445.26367,18245668,4985.999023,4.849999905,860604.25,0.629999995,311.68,"d32",0.258269854765729,0.246161623868624,0.302142859458482,0.285918254335554,0.279651530437749,0.265556231404092
"45",2021,"江苏","d32",149.1443577,172.4628,1332.24,100,13144,1.480081564,5,0.716295802,4,237.6035309,301.7166748,70.32967377,20972,3302,2295.459961,1.24,123,2320318.75,390.40271,704,329,18257.72656,443361024,5142.775391,4.80050993,1027924.125,0.696315825,271.01,"d32",0.40258792998831,0.378676136453125,0.468558831199767,0.437905452841088,0.434739099559955,0.407570168277429
"46",2013,"浙江","d33",212.6604496,69.1006,1334.31,99.64,9521,1.547695895,5,0.414382983,8,134.2999725,1714.000122,146.0000305,16949,450,576.8099976,0.94,98,1115041.5,182.9999695,733,61,6580.702637,8335.703125,1800.791748,5.091808796,360198.9063,0.75999999,106,"d33",0.16915023167279,0.158596313232024,0.183835379481166,0.172282565034891,0.176307094300123,0.165272922371951
"47",2014,"浙江","d33",266.3566876,91.1562,1442.62,99.65,9851,1.499193422,8,1.026637757,8,135.4790802,1839.000122,144,12527,580,839.5202026,1.02,98,1308646.75,187.0000153,891,62,7449.977051,9801.49707,2072.628418,5.320756912,379174.125,0.730000019,115.36,"d33",0.190335021268985,0.173520653565057,0.212921536219389,0.19051234554981,0.201342645219358,0.181809766438492
"48",2015,"浙江","d33",253.2235665,208.8,1519.86,99.69,20445,1.679137609,10,1.653495294,9,136.6685486,2667.999756,139.0000153,13653,810,141.0000153,1.13,100,1331283.5,223.9999695,1024,308,8434.077148,11525.04492,2385.5,5.559999943,488225.0313,0.730000019,165.38,"d33",0.21893557806856,0.199002466954314,0.239983046392056,0.21252713451875,0.229193141792807,0.205600249924832
"49",2016,"浙江","d33",282.7740819,336.1612,1507.17,99.72,11590,1.898811527,10,3.943614117,9,137.868454,2816.000244,132.0000153,13450,1025,711.670166,1.25,102,1446109.25,275.0000305,1245,326,9548.171875,13551.66992,2745.600586,5.81000042,544516.25,0.779999971,158.72,"d33",0.243352438089158,0.230040710121739,0.271384180112573,0.250753862774624,0.25701381416002,0.240145275368009
"50",2017,"浙江","d33",331.6217117,207.5633,1401.81,99.75,11813,1.850294177,11,5.149362213,10,139.0789032,2776.999268,153,14511,1346,802.2198486,1.38,101,1532324.25,307.9999695,1410,365,10809.43262,15934.66797,3202.300537,6.190000057,593470.125,0.790000021,159.66,"d33",0.255447225443841,0.246763065650786,0.286778155638842,0.271055198185223,0.270716473415883,0.258613576400103
"51",2018,"浙江","d33",335.4070938,149.1945,1405.6,99.8,13082,1.857582563,10,3.0521042,10,140.2999725,2827.000244,150.9999695,15661,1663,942.8898315,1.38,103,1504325.25,337.000061,1573,336,12237.29883,18736.70508,3813.001465,6.570000172,668736.9375,0.779999971,174.59,"d33",0.262953923293561,0.248539564534624,0.295652726214408,0.274988082334317,0.278889809240127,0.261442031785881
"52",2019,"浙江","d33",355.2363333,184.0148,1327.2,99.82,12994,1.827942806,10,2.898885016,10,144.1308746,2607.999512,167,16243,2135,968.7199707,1.5,103,1554475.875,365.999939,1550,358,13888.19531,458575.2813,4246.998047,6.799999714,798956.375,0.790000021,203.26,"d33",0.274007319557252,0.259044494316914,0.310142758528015,0.28886339779306,0.291618063151173,0.273591147875467
"53",2020,"浙江","d33",370.4249305,167.5,1303.48,99.84,11291,1.854530302,10,2.472602796,10,148.0663757,2467,57.99999619,21333,2875,705.789917,1.61,104,1666243.5,406.0000916,1236,313,15761.80957,11223495,4494.999512,6.950000286,850346.75,0.839999974,229.62,"d33",0.27650418161451,0.259613964246428,0.315964669837539,0.292389853762354,0.295735400605621,0.275603134010601
"54",2021,"浙江","d33",399.1027272,130.8115,1290.62,99.86,11842,1.707207581,10,0.815633793,12,152.1093292,2333.623535,20.14370918,25389,3898,674.1901245,1.53,103,1786047.125,450.3718567,1357,273,17888.1875,274691712,4757.48291,7.103309631,905042.625,0.893164575,249.35,"d33",0.365146481428899,0.34607805793044,0.418879636784827,0.395456390534,0.391333539021617,0.37016645200092
"55",2013,"福建","d35",9.08482916,66.1253,489.12,98.63,5539,0,0,0,0,77.29999542,111.9999847,110.0000076,3106,156,19.05999756,0.65,91,545008.25,98.00001526,506,49,3037.598877,2666.800293,866.8292847,4.100072384,144996.9688,0.469999999,57.88,"d35",0.0615820942537291,0.06012194793952,0.0571885770492126,0.0560402345218437,0.059440896936967,0.058130752285403
"56",2014,"福建","d35",17.68383516,90.2089,594.66,98.7,5911,0,0,0,0,82.35437012,162.9999695,100.9999924,3154,171,8.050000191,0.7,88,546099.75,98.00001526,393,57,3473.602783,3050.958008,963.4766235,4.110023975,148122.9531,0.449999988,64.18,"d35",0.0633549746114372,0.0618836313487734,0.0600542367686815,0.0588483519995813,0.0617463474721197,0.0604029210610376
"57",2015,"福建","d35",54.65807685,200.6,689.18,98.94,6101,0,0,0,0,87.73923492,211,102.9999924,4668,216,24.58000183,0.73,90,561053.0625,98.00001526,397,56,3972.188721,3490.454102,1070.89978,4.119999886,187521.9375,0.469999999,84.82,"d35",0.0745255228555689,0.0728318090831764,0.0731010182767948,0.0716331550703195,0.073831285132168,0.0722470657616942
"58",2016,"福建","d35",70.31053839,509.5881,715.37,99.12,6725,0,0,0,0,93.47618866,236.0000153,106.9999847,4553,377,22.52999878,0.79,90,541462.0625,98.00001526,429,58,4542.339844,3993.260498,1190.300049,4.130000114,215769.9531,0.5,81.26,"d35",0.0902995386216491,0.0883104530361993,0.0916679551957298,0.0898272692269633,0.0909664416426779,0.0890504064572464
"59",2017,"福建","d35",82.75463424,882.4912,727.02,99.15,7051,1.008090826,1,0,0,99.58826447,257,139.9999847,4949,501,10.09000015,0.85,90,648149.0625,123,426,59,5194.327637,4568.49707,1307.500122,4.059999943,242920.1094,0.519999981,87.34,"d35",0.121320972824773,0.10657686754333,0.130269650274725,0.111334120765372,0.125682144808966,0.108897613997562
"60",2018,"福建","d35",81.27476602,736.3736,716.2,99.19,8062,0.930494476,1,0,0,106.0999908,330.9999695,134.0000305,5635,603,10.14999962,0.95,91,710838.3125,128,454,54,5939.898926,5226.597656,2055.100098,5.309999943,280743.9688,0.580000043,84.73,"d35",0.124908286732224,0.110794584684922,0.133442231599611,0.115352234073023,0.129067337215208,0.113017957745675
"61",2019,"福建","d35",70.92222905,695.1243,727.4,99.71,7457,0.894235134,1,0,0,105.4299469,438.9999695,130.0000305,5681,544,8.050000191,1.07,94,684438.875,130.0000305,455,57,6831.824219,119522.5156,2160.999512,5.109999657,305915.8438,0.599999964,104,"d35",0.126186488811964,0.112359884440055,0.134134363007919,0.116455337286722,0.130059915524587,0.114357782644914
"62",2020,"福建","d35",88.76718592,324.9,726.77,99.85,7679,0.934745443,1,0,0,104.7641296,325.999939,106.9999847,7490,679,6.380000114,1.11,97,749831,132.0000153,558,64,7857.679199,2733256.25,2165.999756,4.96999979,335727.875,0.639999986,112.88,"d35",0.120543873123094,0.106406654356929,0.126851349048193,0.108843885157702,0.123617845500505,0.10759561665829
"63",2021,"福建","d35",94.59758863,433.0709,733.45,99.87,7298,1.189035517,1,0,0,104.1025238,242.0864716,88.06918335,8366,760,9.830000877,1.25,96,821470.8125,134.0307617,545,72,9037.574219,62504460,2171.011719,4.833835125,368445.1563,0.682666659,104.82,"d35",0.147534503623961,0.130487284631358,0.158449774973064,0.136828166599222,0.152854102623233,0.133580577894673
"64",2013,"山东","d37",53.52628473,432.3922,1369.49,98.21,10637,0.802481903,1,0,1,130.0999908,3483.999756,92.99999237,3705,205,157.5400238,0.45,153,1820374.25,193.9999695,414,93,8078,9411.500977,1897.681152,3.517358303,246348.8906,0.370000005,127.53,"d37",0.141706217934877,0.130689433943552,0.148174107295104,0.135162763946597,0.144858368409899,0.132871673201928
"65",2014,"山东","d37",62.75746273,304.1693,1730.75,98.49,10875,0.660760428,1,0,1,132.3974152,3382.000244,81.00000763,2796,267,254.6199493,0.46,153,1958437.5,243.0000305,481,93,8273.250977,10456.87598,2169.82666,3.722686052,253538.9063,0.350000024,127.75,"d37",0.144170361293492,0.134385845146051,0.150486846890175,0.139089688854337,0.14724872456861,0.13668053666188
"66",2015,"山东","d37",38.8823097,199.3,1700.64,98.55,11353,0.974616784,1,0.208790062,1,134.7353973,3196.000244,149,4333,476,233.2900238,0.48,154,2090547.5,312.000061,623,101,8473.22168,11618.36426,2481.000488,3.940000296,299770.125,0.359999985,137.26,"d37",0.151392389369474,0.139372695127187,0.157771345918189,0.143464745429321,0.154501198100622,0.141368933457578
"67",2016,"山东","d37",44.69286898,172.0673,1762.66,98.62,11622,1.023584149,1,0.31152648,1,137.1146851,3159.000732,155,4477,645,242.0099487,0.51,154,4306999.5,393.0000305,567,100,8678.025391,12908.86328,2836.799805,4.170000076,320980.0938,0.370000005,137.47,"d37",0.165906151753943,0.153522899134418,0.173040048187104,0.158303037363015,0.169382883308571,0.155854809656514
"68",2017,"山东","d37",50.21196779,119.6463,1694.99,98.93,12042,1.04562137,2,0.721628854,3,139.5359802,2615.000244,153.9999847,4995,649,357.5699768,0.55,154,4506067,484.999939,772,100,8887.780273,14342.7041,3018.001221,4.159999847,388221.875,0.420000017,141.9,"d37",0.176424079846707,0.167416268602122,0.185335789981489,0.175131370871999,0.180767235669277,0.171179952266026
"69",2018,"山东","d37",52.57520029,151.659,1567.7,99.09,11844,1.088488331,2,1.088157974,3,142.0000305,2529.000488,150.9999695,6703,953,155.3499756,0.62,154,4506002.5,517.0001221,828,106,9102.604492,15935.80762,2527.999756,3.789999962,423071.9063,0.420000017,153.52,"d37",0.176208703495254,0.168266122321093,0.184187727136514,0.175109374473372,0.180097311008497,0.171604488480421
"70",2019,"山东","d37",58.44398886,177.3097,1448.6,99.1,11919,1.142058612,2,2.624831196,3,129.3792725,2270.999512,162.0000153,7346,1191,85.35001373,0.66,154,4617163.5,541.000061,1306,145,9117.750977,332562.7188,2674.999756,3.789999962,451910,0.420000017,189.5,"d37",0.185819988222395,0.183289739920192,0.193686723873804,0.19052017472845,0.189653871756789,0.186816986665451
"71",2020,"山东","d37",59.88471914,182,1451.27,99.59,11737,1.141513297,2,2.0144392,3,117.8802261,2610.999512,156.0000305,10178,1499,90.16998291,0.69,154,4875469,577.0001221,1566,154,9132.921875,6940216.5,2709.000488,3.720000029,503100.7813,0.449999988,170.11,"d37",0.198705228553882,0.193383395829836,0.20620701323281,0.200122079291844,0.202361251844046,0.196670749901759
"72",2021,"山东","d37",64.51523794,193.4395,1442.99,99.65,11690,1.356265638,2,1.08985846,3,107.4031982,3001.9021,150.2222595,12884,2002,121.5599899,0.74,153,5148225,615.395752,1572,198,9148.119141,144834656,2743.43335,3.651293039,560090.25,0.482142866,180.36,"d37",0.253346528099245,0.241074955098441,0.267486517217877,0.253605291186405,0.260237705566067,0.247187670081058
"73",2013,"广东","d44",254.3906167,355.3649,1571.11,99.9,18588,1.282107002,1,1.648804617,1,332.4000549,320.9999695,91,21295,1845,744.0900879,0.57,137,1668942.25,174.9999847,405,45,15030.20215,13550.40332,2681.167725,4.545081615,419593.8438,0.5,141.68,"d44",0.19407535726812,0.184513222515345,0.223900979799012,0.210970389047833,0.208610987825855,0.197419908906309
"74",2014,"广东","d44",302.1830007,390.4905,1971.21,99.9,14398,1.37928245,1,0.840593,1,333.2358398,320.9999695,96.99998474,19754,2008,1217.60022,0.59,138,1735546.25,176.0000153,325,44,16282.2959,15611.46973,3127.785156,4.771882057,452260.0938,0.49000001,168.16,"d44",0.210638413549415,0.196635849425465,0.247125627725214,0.229050262242604,0.228420596127199,0.21244867882518
"75",2015,"广东","d44",226.0988556,497.1,1487.43,99.9,15182,1.193798637,2,0.730431426,2,334.0737305,335.999939,100.0000076,24598,2680,93.91000366,0.65,140,1283237.25,177.0000153,391,666,17638.69531,17986.03125,3648.798584,5.009999752,539257,0.420000017,194.58,"d44",0.218769350067871,0.205346192198206,0.251055903367625,0.233959632714039,0.234504324593944,0.21930478080409
"76",2016,"广东","d44",296.0763611,556.5728,1755.87,99.9,16163,1.188853017,2,0.474599816,2,334.9136963,320.9999695,100.9999924,28207,3257,1178.459961,0.72,142,1290857.125,177.0000153,357,75,19108.08984,20721.77344,4256.600098,5.259999752,656969.1875,0.49000001,229.71,"d44",0.236989058646529,0.222412637652256,0.28260250875903,0.263810254921266,0.259218947012221,0.242607773165659
"77",2017,"广东","d44",327.4458192,397.8682,1691.66,99.93,17453,1.098840148,3,0.778864949,3,335.7557983,304.9999695,96.99998474,35566,3615,1337.89978,0.78,143,1362898.125,184,390,83,20699.89258,23873.63086,4817.199707,5.369999886,814333.75,0.540000021,285.87,"d44",0.25299356710143,0.23975210327747,0.30350129393086,0.286043813141801,0.277608699836486,0.262334740045726
"78",2018,"广东","d44",380.6253382,449.0302,1760.7,99.98,17063,1.140733836,3,0.790165762,3,336.6000061,275.0000305,99.00000763,49849,5045,588.4901123,0.84,143,1398120.75,184,436,86,22424.30078,27504.89648,5787.799805,5.789999962,994681.4375,0.629999995,321.84,"d44",0.268375992421022,0.254515399928274,0.321850078888102,0.303582760270563,0.294436791805604,0.278452091379821
"79",2019,"广东","d44",405.8047004,611.8385,1705.3,99.98,18103,1.196425696,3,0.77981568,3,325.5599365,304,96,58371,6277,917.0300903,0.92,146,1561235.75,241.0000153,397,84,23515.27539,640667.9375,6226.99707,5.769999981,1023404.125,0.590000033,350.33,"d44",0.295450204025893,0.2804972990123,0.357536011054403,0.337854219868934,0.325707958173708,0.308477913978717
"80",2020,"广东","d44",416.761349,534.7,1639.31,99.98,19732,1.23985524,3,1.269740553,3,314.8819885,298,100.9999924,74136,7425,1195.480225,0.93,148,2658272.75,296.0000305,475,118,24659.33008,14922995,6211.001465,5.590000153,1107240.375,0.629999995,417.22,"d44",0.329001371454573,0.314847889416977,0.397238711431374,0.378396557508079,0.36225709857705,0.345849044760205
"81",2021,"广东","d44",436.9013966,496.7104,1642.01,99.98,20155,1.197584448,3,0.796912954,3,304.5542297,292.1184387,106.2603912,92090,10943,989.1300049,1,150,4526167,363.5519409,447,136,25859.04297,347599360,6195.046875,5.415615559,1197944.375,0.672711849,395.59,"d44",0.458541251585291,0.439972060125501,0.547575126040416,0.524138667232811,0.50193224886835,0.481031332334096
"82",2013,"海南","d46",14.47383006,13.6061,92.3,95.45,1484,1.920149067,1,1.011008762,1,6,144,24.41406631,54,6,0.5,0.42,21,40062.99609,18,67,7,217.4000397,899.7001953,101.9999542,3.304273129,62249.99609,0.620000005,21.9,"d46",0.0408703159966488,0.0260413620795459,0.0419394689987328,0.0223929881080933,0.0413913717778614,0.0242615638298477
"83",2014,"海南","d46",17.56629606,19.6329,91.43,95.47,1382,2.251187313,1,1.182225846,1,6.447935581,165.9999695,19.53125191,87,8,0.199999988,0.46,21,44440.01953,18,71,7,253.2775269,1188.3927,106.0688324,3.137950659,60611.00781,0.550000012,23.51,"d46",0.0425931053134801,0.0253908863440683,0.045384040333262,0.0226393327559873,0.0439532781084042,0.0240485869256598
"84",2015,"海南","d46",17.5210011,26.7,98.65,95.48,1458,2.560250015,1,2.115933471,1,6.929312229,192.9999695,15.62500095,115,11,1.360000014,0.47,21,45155.00391,18,66,11,295.0758667,1569.719727,110.3000259,2.980000257,57512.01953,0.460000008,25.48,"d46",0.0436721136836874,0.0273725080288958,0.0483405080346859,0.0260043963925693,0.0459472734230574,0.0267050976387388
"85",2016,"海南","d46",16.22933021,14.665,106.17,95.78,1496,2.684486212,1,2.64443548,1,7.446626663,200.0000153,12.50000095,103,7,5.600000381,0.5,23,75794.98438,18,74,16,343.7721863,2073.405762,114.7000046,2.830000162,70204,0.50999999,26.9,"d46",0.0468453364021253,0.0314402546863245,0.0510000504751503,0.0294695045003006,0.048870152104663,0.0304788571544039
"86",2017,"海南","d46",8.47451337,38.5853,124.38,99.07,1609,2.720898659,1,2.996845426,1,8.002561569,182.9999695,10,89,5,0.049999997,0.53,23,80485.98438,19,77,17,400.5048523,2738.712646,141.8000183,3.180000067,90745,0.629999995,29.86,"d46",0.0551307983105305,0.0405955727051356,0.0558002301195033,0.0352901027013714,0.0554570484482685,0.038007387858842
"87",2018,"海南","d46",8.62900586,28.4044,152,99.08,1591,2.685828284,1,2.779606466,1,8.600000381,282.0000305,8,161,11,1.50999999,0.59,24,166661.9219,19,82,15,466.6000671,3617.500732,161.1000366,3.279999971,71151.00781,0.420000017,47.37,"d46",0.0511017373468079,0.0361333613824093,0.0537644478549835,0.0327546831574198,0.0523994194384038,0.0344851296939414
"88",2019,"海南","d46",11.14258097,64.1935,145.1,99.08,1517,2.039885416,1,2.887537994,1,8.666550636,214.9999695,8,229,18,0.149999991,0.63,24,150444.9375,27.00000191,111,30,630.0386963,86343.34375,177.0000153,3.319999933,84248.01563,0.449999988,56.34,"d46",0.0486962108370625,0.0401255955145541,0.049731592540747,0.0368443728977143,0.0492008080475787,0.0385249059152923
"89",2020,"海南","d46",14.18587523,41.8,133.16,99.23,1680,2.14848076,1,1.900739176,1,8.733615875,200.0000153,19,490,19,0.049999997,0.66,24,192176.0625,35.00000381,102,20,850.7258301,2060862.75,195.0000458,3.510000229,82828.99219,0.420000017,53.22,"d46",0.0496749629591146,0.0361366944182285,0.0512185130076738,0.0327070293523664,0.0504272179449072,0.0344635896518215
"90",2021,"海南","d46",15.14075932,17.4662,124.28,99.39,1588,2.075487146,1,0.734633907,1,8.801200867,186.0465546,45.12499619,698,40,49.08000183,0.68,24,245482.7969,45.37037659,127,44,1148.714355,49189148,214.8305664,3.710873842,81433.875,0.39200002,37.74,"d46",0.0647941519825463,0.0468942207229083,0.0682895561724061,0.0451833351238504,0.0664976505063789,0.0460595937854113
"91",2013,"辽宁","n21",22.82109954,22.3388,672.85,98.72,7032,1.243587318,1,1.422776193,2,38.09999847,1223.000122,185.9999847,874,76,314.8700562,0.76,129,756363.8125,62.99999237,212,33,1507.39978,1737.599609,910.9008179,1.901840925,139102.0625,0.270000011,95.34,"n21",0.0776053268434951,0.0722050504693114,0.0781697935970292,0.0715013592663471,0.0778804218623165,0.0718617664800155
"92",2014,"辽宁","n21",24.08546354,30.2609,716.22,98.96,7367,1.048268919,1,1.442456473,2,36.70095444,1287.999756,168.9999695,726,80,365.3300476,0.81,129,779775.25,62.99999237,207,33,1427.234863,1934.373413,770.1809692,2.077782154,148060.9531,0.289999992,92.6,"n21",0.0781903419532661,0.0746386596061516,0.077772784380431,0.0734871650581401,0.077986843682307,0.0740769222411983
"93",2015,"辽宁","n21",18.4054689,48.2,782.63,99.07,7703,1.587769162,1,0.320340236,2,35.35328674,1308.999878,153,748,129,311.8899841,0.85,129,754520.9375,64,263,105,1351.333252,2153.430664,651.2001343,2.269999981,165405.0156,0.370000005,88.59,"n21",0.0887591182552094,0.0755002056557965,0.0878990118103597,0.0721738555067857,0.0883399421086021,0.0738775013443919
"94",2016,"辽宁","n21",17.11389644,59.2988,747.53,99.13,9282,1.521515628,2,0.275450434,2,34.05510712,1221.000244,153.9999847,905,121,292.7100525,0.9,130,827167.875,65.00001526,246,123,1279.468018,2397.295166,550.5999146,2.480000019,194196.0156,0.420000017,84.7,"n21",0.0938108223179604,0.0779579470234332,0.0932234393650507,0.0734636954225748,0.0935245590022303,0.0757655015133239
"95",2017,"辽宁","n21",20.99770944,47.4958,724.71,99.15,9592,1.494645395,2,0.898843603,2,32.80459595,1187.000122,106.9999847,1054,144,238.7500305,0.91,130,624844.875,65.00001526,187,121,1211.424805,2668.775879,594.7000732,2.539999962,212425.9688,0.439999998,86.44,"n21",0.0907905603301269,0.0777602649642193,0.0898462569773353,0.0731994892389792,0.0903303505002602,0.075535366772158
"96",2018,"辽宁","n21",17.72316699,64.7158,666.4,99.17,9638,1.454314204,2,0.993838203,2,31.60000229,1141.000122,100.0000076,1327,242,176.5099945,0.91,130,644487.8125,65.00001526,192,121,1147.000122,2971.000488,587.4000854,2.5,168388.9688,0.319999993,71.59,"n21",0.085318760644114,0.0731801721763441,0.0853188521653621,0.0696516293110417,0.0853188052473423,0.0714588315284856
"97",2019,"辽宁","n21",21.98633421,96.1913,615.9,99.27,9771,1.455835907,2,0.648028143,2,31.37787628,1183.000122,78.00001526,1439,325,93.99001312,0.96,130,890550,65.00001526,238,97,1174.360229,65594.17188,636.9998779,2.559999943,206019.9375,0.359999985,85.98,"n21",0.088249547154077,0.0746494340896328,0.0878618877442979,0.0706112066290729,0.0880606198665764,0.0726794523327116
"98",2020,"辽宁","n21",28.19834895,79.5,575.88,99.41,9747,1.4542847,2,0.390777648,2,31.1573143,1156,100.9999924,2087,349,125.6899872,1.01,129,614612.1875,65.00001526,186,93,1202.372925,1448197.5,642.9998779,2.569999933,179199.0469,0.299999982,89.73,"n21",0.0857547631273282,0.0712037726578207,0.0862036300153516,0.0678777284969099,0.0859735201121036,0.0695812176175952
"99",2021,"辽宁","n21",30.20759656,42.5146,530.05,99.46,9438,1.28022709,2,0.274082516,2,30.93830109,1129.615967,130.7819977,2825,496,125.7600098,1.06,129,424174.0313,65.00001526,184,85,1231.053833,31973512,649.0563965,2.580039024,155869.8438,0.25,84.36,"n21",0.0901204361107542,0.0765941921228246,0.0918329829210832,0.0749224726272282,0.0909550523110359,0.0757786717141358
"100",2013,"吉林","n22",10.50909426,7.6449,476.86,98.71,4335,0,0,0,0,13.20000076,171.9999695,157.9999847,221,43,19.35000229,0.58,66,405508.125,73.00001526,54,26,271.4000244,481.7998962,126.1386642,0.973360002,111561.0078,0.409999996,56.55,"n22",0.0326009098222712,0.0317471499065206,0.0254482749059257,0.0249372753701705,0.0291150459966069,0.0284250664591282
"101",2014,"吉林","n22",13.08921226,10.7369,512.89,98.75,4718,0,0,0,0,12.7960186,137.0000153,150.9999695,202,29,8.400000572,0.6,66,419123.125,78.00001526,56,28,271.3199768,597.7988281,143.0814667,1.057999969,136020.9531,0.469999999,61.16,"n22",0.0352938067018679,0.0343746267621118,0.027421045647609,0.0268704330167863,0.0314569866644821,0.0307138312960131
"102",2015,"吉林","n22",13.44793305,14.7,543.44,98.76,4791,0,0,0,0,12.40439987,138,192.9999695,327,58,43.32000351,0.64,66,461090.8438,76,49,49,271.2399597,741.7258301,162.3000183,1.149999976,156425,0.49000001,73.01,"n22",0.0394678687326388,0.038446243074025,0.0314690420523686,0.0308371459439342,0.0355696101330291,0.0347342722454076
"103",2016,"吉林","n22",14.08269147,20.4574,493.2,98.77,4779,0,0,0,0,12.02476692,164,237.9999542,426,74,31.70000076,0.68,66,482125.8125,76.99999237,54,50,271.1599731,920.3049927,184.0999603,1.25,159928.9375,0.449999988,72.03,"n22",0.0395796849064764,0.0385535450983256,0.0317278241095791,0.0310907316759877,0.0357530506889927,0.0349129363310142
"104",2017,"吉林","n22",15.29939661,24.6436,448.56,98.86,4722,0,0,0,0,11.65675259,180.0000153,219.0000458,535,106,29.92000008,0.73,66,658898,106.9999847,68,56,271.0799866,1141.87915,184.1999817,1.230000019,177986.0313,0.480000019,70.69,"n22",0.042470719200757,0.0413653924940269,0.0341888044012117,0.0335022956597891,0.038434496529725,0.037529512156022
"105",2018,"吉林","n22",18.07658832,37.0859,440.7,99.1,4666,0,0,0,0,11.30000019,177.0000153,209,670,146,17.37000084,0.73,66,653784.125,106.9999847,82,58,271.0000305,1416.799805,175.7999725,1.559999943,216221.0781,0.569999993,70.24,"n22",0.0463661412041062,0.0451656853150708,0.0370478686105258,0.0363039500647429,0.0418248456212139,0.0408426359206737
"106",2019,"吉林","n22",20.5284578,62.6679,426,99.41,4534,0,0,0,0,9.733329773,157.9999847,204,692,168,17.56999779,0.76,66,669961.25,106.9999847,95,70,250.9662018,29621.19922,143.0000305,1.220000029,260153.1094,0.659999967,71.75,"n22",0.0503940321710307,0.0490846267401133,0.0401736380166175,0.0393669542452429,0.0454130842149867,0.0443440226702338
"107",2020,"吉林","n22",18.95540526,55.8,617.71,99.5,4716,0,0,0,0,8.383868217,301.999939,171,1190,219,1.690000057,0.81,66,685391.25,106.9999847,104,85,232.4133911,619293.875,139.0000153,1.139999986,207929.0469,0.5,71.92,"n22",0.0482036102471919,0.0469591834562482,0.0393860264728933,0.0385951578848538,0.043906327264336,0.0428789334081777
"108",2021,"吉林","n22",19.50893077,21.6116,621.59,99.6,4398,0,0,0,0,7.22149992,577.2403564,143.3382263,1545,340,5.759999752,0.94,66,701176.5625,106.9999847,114,104,215.2321014,12947649,135.1118774,1.065245867,166188.6406,0.378787875,61.08,"n22",0.0494326039314434,0.0481501714498044,0.041910665993869,0.0410691028252367,0.0457667588740419,0.0446957905002055
"109",2013,"黑龙江","n23",0.64820672,85.7496,620.73,98.8,5649,0,0,0,0,14.59999847,273,69.99999237,985,48,405.1812744,0.48,107,510656.125,156.0000305,35,35,274.4999695,405.3999939,379.040863,2.601079702,96251.97656,0.289999992,52.37,"n23",0.0497202751755265,0.0484943994010184,0.0454996996676417,0.0445860689601334,0.0476633616522598,0.0465877857335715
"110",2014,"黑龙江","n23",3.48046672,79.0851,701.4,98.82,5824,0,0,0,0,14.15351391,330.0000305,66.00000763,774,60,99.94471741,0.45,107,722207.3125,157.9999847,39,34,276.684906,472.4550476,381.3135986,2.570358515,125077,0.359999985,45.63,"n23",0.047628694640939,0.0464332521731377,0.0406409644806637,0.0398248968273931,0.0442231977752256,0.0432094764939529
"111",2015,"黑龙江","n23",6.1188498,72.1,619.67,98.84,5990,0,0,0,0,13.72068214,307.9999695,80,873,83,24.6530304,0.48,107,773220.125,157.9999847,51,38,278.8872375,550.6013184,383.5999451,2.539999962,152601.0313,0.379999995,53.17,"n23",0.0474993694610622,0.046297173496577,0.0397673719873087,0.0389688460086779,0.0437311510899146,0.0427221714440915
"112",2016,"黑龙江","n23",20.88604056,23.6937,642.63,99,5946,0,0,0,0,13.30108738,301.0000305,74.00000763,802,54,6.081080914,0.51,108,1013359,176.0000153,57,48,281.1070862,641.6732788,385.9000244,2.50999999,175481.9844,0.420000017,53.21,"n23",0.0495107029530178,0.048240535072136,0.040763393944731,0.0399448679165988,0.0452476686446103,0.0441936325344487
"113",2017,"黑龙江","n23",25.82531939,20.1075,554.6,98.94,6332,0,0,0,0,12.8943243,259,72,863,109,1.5,0.57,109,1018121.063,182.9999695,71,51,283.3446045,747.809021,418.4000244,2.630000114,180777.0156,0.389999986,53.56,"n23",0.0493309964250094,0.0480668288620842,0.0409065199091894,0.0400851199219513,0.0452252957594343,0.0441730855911353
"114",2018,"黑龙江","n23",20.5114917,28.1005,568.8,99.07,6099,0,0,0,0,12.50000095,257.9999695,85,955,124,0.370000005,0.57,109,990508.75,191.0000305,90,56,285.5999451,871.5001221,187.3999939,1.460000038,165653.9688,0.350000024,46.2,"n23",0.0465852832148445,0.0453618234696182,0.0383094532413252,0.0375402021665973,0.0425520260069149,0.0415461762761437
"115",2019,"黑龙江","n23",18.44942262,56.0257,652.3,99.12,5897,0,0,0,0,11.59789658,221.0000305,80,1007,134,79.44998932,0.59,110,1016202.313,192.9999695,87,64,281.8417358,18600.77148,213.0000458,1.580000043,192592,0.379999995,54.7,"n23",0.0514301073592394,0.0501031594221156,0.0435558962319639,0.0426812969580951,0.0475925806232548,0.0464825278952151
"116",2020,"黑龙江","n23",14.80509029,53.6,578.81,99.86,5414,0,0,0,0,10.76089668,196.9999695,76.99999237,1363,194,73.17999268,0.62,103,1022373.938,191.0000305,82,64,278.1329651,397003.6563,200.9999542,1.480000019,210064.0938,0.389999986,58.37,"n23",0.0509841050233632,0.0496680176665769,0.0428455984528223,0.0419852619074383,0.0470177728980721,0.0459201137071784
"117",2021,"黑龙江","n23",16.81489198,25.1146,557.93,99.93,5254,1.096383935,1,0.612463635,1,9.984300613,175.6062622,74.11248016,1771,274,168.8000031,0.74,103,1028583.125,189.0207977,97,62,274.4729919,8473406,189.6759338,1.386329174,229121.2656,0.40026316,55.42,"n23",0.0682810669745325,0.0586371338253632,0.0653088260911544,0.0532000484742019,0.0668325340775366,0.0559847426321425
"118",2013,"内蒙古","w15",2.27096393,4.5576,240.98,97.64,5918,0,0,0,0,13.90000057,635.0001221,138,144,2,2.506944418,0.53,116,559437.875,72,106,18,346.2999573,558.9000244,275.1861572,1.591919661,173791.0469,0.469999999,88.05,"w15",0.0422335331189806,0.0410943864944769,0.0332831216304178,0.0326147989341054,0.0378715160444768,0.03695776146201
"119",2014,"内蒙古","w15",2.79201993,6.3131,271.67,98.57,6928,0,0,0,0,13.65125561,642.9998779,141.0000153,133,6,0.949999988,0.58,116,557493.9375,75.00000763,102,19,316.9771423,667.9846802,298.1822205,1.697461247,189673.0469,0.49000001,91.9,"w15",0.0453627766903254,0.0441469330175709,0.0353402197513974,0.0346305906722866,0.0404782454535598,0.039504544495398
"120",2015,"内蒙古","w15",4.5204312,8.7,306.46,99.1,6256,0,0,0,0,13.40696144,608,141.0000153,233,10,0.359999985,0.6,117,572422.8125,83.99998474,97,25,290.1372375,798.3601074,323.0999451,1.810000062,228905.0469,0.540000021,95.81,"w15",0.0484785719739187,0.0471836693633701,0.0376516216571152,0.0368955797934392,0.0432020165655947,0.042164796859461
"121",2016,"内蒙古","w15",1.41086211,10.7501,301.36,99.19,6474,0,0,0,0,13.16703892,684,138,242,14,7.960000515,68,117,731444.125,86.99999237,97,31,265.5700073,954.1818848,350.0999451,1.929999948,259571.9531,0.580000043,89.25,"w15",0.254803149420655,0.247814580584268,0.141366290894902,0.138527665908109,0.199519265054031,0.194500786280967
"122",2017,"内蒙古","w15",1.34746648,9.9292,238.21,99.22,7201,0,0,0,0,12.93141079,716.9998169,136,262,11,14.40000057,0.71,117,754367.6875,92.99999237,97,44,243.0829773,1140.416626,378.1000061,2.350000143,276846,0.610000014,116.79,"w15",0.0552701100418032,0.0538062838020582,0.0432441671291869,0.0423758273533544,0.0494092210325244,0.0482301267140406
"123",2018,"内蒙古","w15",1.54604959,12.2409,216.1,99.22,7024,0,0,0,0,12.69999886,690.000061,123.9999924,318,17,14.55000114,0.71,117,1009655.75,109.0000229,95,54,222.5000305,1363,350.1999512,2.170000076,278556.0313,0.580000043,109.27,"w15",0.0553260358658166,0.0538579268164656,0.0436228993197937,0.0427469546287246,0.0496224677668264,0.0484376247841295
"124",2019,"内蒙古","w15",1.84534517,27.9128,213.4,99.22,6603,0,0,0,0,12.11210537,712.999939,115.9999924,409,12,40.33000183,0.75,117,1055314.625,125.0000076,95,45,241.7413025,28108.08594,382.9999084,2.230000019,285708.125,0.560000002,119.34,"w15",0.0566250756207593,0.0551338517478675,0.0454679137595858,0.0445549213108326,0.0511875903605976,0.0499730973891204
"125",2020,"内蒙古","w15",1.95461632,19.5,207.02,99.68,6626,0,0,0,0,11.55142593,698.999939,123.9999924,607,29,52.40000153,0.79,117,1278889.25,171.9999695,94,32,262.6465149,579651.125,375.0000305,2.180000067,295807.0625,0.560000002,123.64,"w15",0.0594599224811444,0.0578924045756575,0.0478550078954988,0.0468940827676243,0.0538042232280508,0.0525270571478111
"126",2021,"内蒙古","w15",2.01503032,12.4015,216.91,99.74,6331,1.55637635,1,1.28346168,1,11.01670074,685.2748413,132.551712,821,50,89.29000092,0.85,117,1549829.375,236.6719055,91,36,285.3595581,11953692,367.1672668,2.131121159,306262.9375,0.560000002,107.33,"w15",0.0838220356537836,0.0722350203924825,0.0781401641203085,0.0633225691641552,0.081052953955604,0.0678872300560708
"127",2013,"广西","w45",11.29958542,9.2273,370.73,98,5763,0,0,0,0,29.50000191,267.0000305,165.0000153,551,18,782.3099365,0.45,112,465209.1875,104.0000153,59,19,733.2998657,808.8001709,378.4654541,2.66605711,131614.0625,0.409999996,49.85,"w45",0.0563203547505888,0.0549269567182204,0.0537580624036743,0.0526786043644584,0.0550716118317416,0.0538301356096274
"128",2014,"广西","w45",13.30900742,26.433,429.03,98.2,5851,0,0,0,0,29.43975639,334.999939,170,402,36,1.210000038,0.52,112,481918.9688,106.0000153,67,17,737.9017334,968.277771,400.6807556,2.592000008,144457.0156,0.420000017,68.52,"w45",0.0450627486748727,0.0439097102817003,0.0372468241701856,0.0364989106110277,0.0412536281460519,0.0402944755535906
"129",2015,"广西","w45",5.54731725,37.6,479.91,98.31,6063,0,0,0,0,29.37963295,387.999939,167,500,65,2.650000095,0.54,112,508648.7813,123.9999924,92,29,742.5325317,1159.200806,424.2000732,2.519999981,172230.0313,0.420000017,79,"w45",0.0482852962290144,0.0470508814324968,0.0403387228126414,0.0395287241503974,0.0444125034562675,0.0433813227552912
"130",2016,"广西","w45",8.98945013,52.2256,510.47,98.4,6439,0,0,0,0,29.31963158,337.999939,178.0000153,741,104,1.149999976,0.56,114,342356.0625,125.0000076,100,34,747.1923828,1387.769775,449.0999451,2.450000048,199326.9219,0.449999988,71.08,"w45",0.0503469815597314,0.0490616572398872,0.0421619228873239,0.0413153144982833,0.0463579620905729,0.0452827334341186
"131",2017,"广西","w45",12.6896052,52.8885,533.23,98.55,6643,0,0,0,0,29.25975418,375.0000305,173.9999847,911,92,1.299999952,0.57,115,324351.0938,132.0000153,108,38,751.8814697,1661.407349,480.0000305,2.590000153,194954.9688,0.399999976,64.36,"w45",0.0503608776456574,0.0490781931208644,0.0424916616866546,0.041638432166162,0.0465257853239255,0.0454488301145057
"132",2018,"广西","w45",16.37492005,52.6716,605.7,98.78,6776,0,0,0,0,29.19999695,381.000061,167,1016,149,0.819999993,0.56,116,379336.875,131.0000153,112,57,756.6000366,1989.000366,448.2999573,2.279999971,209234.9531,0.389999986,63.59,"w45",0.0519458698002762,0.0506208180671292,0.0441709336551435,0.0432839844739085,0.0481567251043498,0.0470416664533647
"133",2019,"广西","w45",18.32653391,125.2634,660.8,98.92,6764,0,0,0,0,27.80233383,358.0000916,196.0000305,1181,118,1.539999962,0.59,116,388157.0938,131.0000153,95,62,945.9047241,50072.22266,501.0000305,2.359999895,251939.9219,0.430000007,76.33,"w45",0.0578730160207962,0.0564245245288445,0.0502140757986932,0.0492057807564413,0.0541404023790538,0.0529029810599803
"134",2020,"广西","w45",23.27709726,112.1,734,99.15,6705,0,0,0,0,26.47156906,445.9999695,209,1859,129,0.860000014,0.6,116,440823.0938,142.0000305,78,48,1182.574341,1260546.5,509.0000305,2.299999952,322284.9375,0.519999981,109.49,"w45",0.0639669168192925,0.0623685785268513,0.055547917756758,0.0544325195503648,0.0598638856114051,0.0584971048275066
"135",2021,"广西","w45",24.53212859,66.3104,780.57,99.31,6548,0,0,0,0,25.20450211,555.6311035,222.8622284,2338,177,0.810000002,0.6,116,500634.9375,153.9237061,72,34,1478.459717,31733710,517.1278076,2.241525412,412271.2188,0.628837168,88.51,"w45",0.0764973159835401,0.0745865315645083,0.0679709250025714,0.0666060737012724,0.0723419469158267,0.0706933986105085
"136",2013,"重庆","w50",2.41585637,14.0436,360.2,98.88,3890,0,0,0,1,32.20000076,211,36,992,29,51.31000519,0.38,43,764717.125,71.00001526,443,15,1830.400391,1792.499634,449.4872742,3.64907217,121134.0156,0.399999976,34.94,"w50",0.0401173679516225,0.0417082966101108,0.0354645459526257,0.0386268990452644,0.0378497974572172,0.0402050883218567
"137",2014,"重庆","w50",5.60277437,22.7627,390.11,98.95,3985,0,0,0,1,35.94277191,225.0000153,36.99999619,805,39,116.1499863,0.42,42,717462.3125,78.00001526,512,15,2038.740356,2279.570068,492.8974609,3.542994261,133288.9844,0.399999976,36.02,"w50",0.0436467071401376,0.0451562500245994,0.0396391658210555,0.0427176928460095,0.0416936166388849,0.0439666406719937
"138",2015,"重庆","w50",14.0632947,33.5,386.48,99.07,4176,0,0,0,1,40.12057877,265.999939,36.99999619,1258,63,200.4300079,0.43,43,689914.25,78.00001526,730,22,2270.794189,2898.990479,540.500061,3.440000057,169726.9844,0.449999988,47.01,"w50",0.0522818241917697,0.0535731248669067,0.0485455626683485,0.0514452498830976,0.0504609429305226,0.0525350766291455
"139",2016,"重庆","w50",12.24795102,52.8323,357.25,99.19,4455,0,0,0.104416832,1,44.78399658,235.0000305,36,1428,96,96.38001251,0.47,43,603577,82,770,22,2529.260742,3686.723877,592.7000122,3.339999914,204828.0469,0.50999999,47.98,"w50",0.0540010304374595,0.0556662243773476,0.0493892486046521,0.0527293149158633,0.0517534610241093,0.0542335021948158
"140",2017,"重庆","w50",7.7438746,43.7663,316.39,99.22,4667,1.176993876,1,0.192938453,1,49.98946762,237.9999542,38,1413,156,70.62998962,0.54,43,643173.8125,94.00001526,1283,24,2817.146484,4688.505859,596.8999023,3.069999933,207405.0156,0.480000019,48.89,"w50",0.0739697406866331,0.061822144058297,0.0737213485748353,0.0586616811470284,0.0738486858463927,0.0602803650625784
"141",2018,"重庆","w50",5.05621448,46.652,557,99.27,4307,1.073184739,1,0,1,55.79999542,219.0000458,36.99999619,1773,212,58.23999405,0.58,43,625321.1875,100.0000076,1571,43,3137.799805,5962.499023,864.6000977,4,212048.0781,0.469999999,49.31,"w50",0.0817806374874562,0.0696327694175209,0.0814815470316962,0.0666374182034251,0.0816348746164962,0.0681715374029869
"142",2019,"重庆","w50",5.6434792,81.1992,552.1,99.4,4416,1.149764151,1,0,1,54.84532166,228,36.99999619,1873,308,60.66001129,0.61,43,624806.75,104.0000153,1646,49,3286.952148,132654.0313,966.999939,4.100000381,241452.0938,0.5,55.24,"w50",0.0876545120983027,0.0746715318263502,0.087706646505972,0.0718401969348613,0.0876799200001308,0.0732903124328309
"143",2020,"重庆","w50",5.27923909,86.6,548.34,99.51,4158,1.131546135,1,0,1,53.90698242,199.0000153,36.99999619,2519,429,47.70999527,0.62,43,672505.8125,104.9999847,1265,51,3443.194092,2951295.25,970.999939,3.880000114,230719.9531,0.469999999,64.89,"w50",0.0835335929409521,0.0708517423214631,0.0848664785428114,0.0692705294027842,0.084183179807556,0.0700803740332653
"144",2021,"重庆","w50",5.49321649,54.5001,545.83,99.56,4073,1.237469559,1,0,1,52.98469543,173.6886292,36.99999619,3341,549,38.61000061,0.73,43,723846.3125,106.0095749,1286,62,3606.863037,65660596,975.0164795,3.671805143,220464.8438,0.441799998,64.23,"w50",0.102804957990886,0.088708325401505,0.107190857623353,0.0899054761593783,0.104942442854942,0.0892923353851743
"145",2013,"四川","w51",3.92957967,34.0263,948.31,97.89,9831,2.66487487,1,2.338740098,1,48.80000305,1944.000244,416.000061,1910,156,51.75000381,0.38,197,3403278.5,188.0000305,510,42,2021.299683,2652.999756,848.0870972,3.395461321,304645.9063,0.49000001,142.4,"w51",0.13352331314974,0.114807020294804,0.130592601690339,0.106354768194879,0.132095019775443,0.110683730409731
"146",2014,"四川","w51",8.06182767,67.0677,1132.46,98.07,10010,1.974379779,1,1.346801347,1,52.79144287,1808.999634,411.0000305,1487,187,96.40998077,0.39,198,3579967.25,205.9999847,492,41,2340.370361,3340.675293,983.7869873,3.5920403,349146.0313,0.50999999,135.65,"w51",0.133205548117881,0.116860777857845,0.129277914492265,0.108812923740552,0.131291400934902,0.112934766768011
"147",2015,"四川","w51",43.6770852,104.4,1085.39,98.24,10259,1.998713699,1,0.786950923,1,57.10935211,1811.000244,393.999939,2480,242,42.49000168,0.41,203,3679656.75,225.0000153,543,99,2709.807617,4206.601074,1141.199829,3.800000191,395787.9063,0.529999971,139.41,"w51",0.142460572247564,0.123429016137194,0.139022941712991,0.115625129921538,0.14078522993433,0.119622020709602
"148",2016,"四川","w51",28.74973213,138.0915,1004.52,98.29,10733,1.874373281,2,0.834254638,2,61.78042984,1897,403.9999695,2380,369,85.28000641,0.43,203,4455953,238.999939,621,88,3137.562256,5296.980469,1323.799805,4.019999981,403684.9688,0.5,145.2,"w51",0.151757579248217,0.13350042487863,0.150876355357357,0.128271752627727,0.151328111433994,0.130949704532191
"149",2017,"四川","w51",29.99003142,118.3839,1006.4,98.54,11249,1.72411032,2,1.365441149,2,66.83356476,1881.999512,211,2651,377,84.61997986,0.46,204,4301585,255.0000153,697,101,3632.839844,6669.994141,1537.5,4.159999847,413219.8438,0.480000019,142.46,"w51",0.149757550124551,0.135073005403121,0.149713010413029,0.13121894492665,0.14973584352677,0.133192866430547
"150",2018,"四川","w51",35.41331887,144.5922,1123.8,98.79,11906,1.680622396,2,1.337698092,2,72.30000305,1891.999756,207.0000153,3859,606,101.5600052,0.47,204,4241904.5,251.9999695,829,110,4206.298828,8398.902344,1706.000366,3.980000019,430242,0.439999998,154.91,"w51",0.156252051584671,0.141721997753838,0.157975112388721,0.139703207512147,0.157091791819774,0.140737164683878
"151",2019,"四川","w51",42.68267276,217.0482,949,98.95,11346,1.565504345,2,1.621677496,2,77.21263885,1876.000122,225.0000153,3772,642,121.9800262,0.5,206,4312963.5,256,732,101,4776.626953,205089.5156,1844,3.980000019,472218.9063,0.460000008,196.48,"w51",0.160007088562221,0.147611999424837,0.162919674760573,0.147141142599299,0.161426548521622,0.147382299794123
"152",2020,"四川","w51",54.69599972,219,934.7,99.33,10840,1.670939596,2,3.527274267,2,82.45908356,2073,223.9999695,4829,811,107.4700012,0.52,207,4849732,257.9999695,725,125,5424.285156,5008001,2037.000366,4.200000286,520403.2188,0.460000008,229.27,"w51",0.171599578647968,0.165621355054507,0.176031403465814,0.167100197467567,0.173759445325758,0.166342783602934
"153",2021,"四川","w51",57.38115919,126.2114,894.52,99.58,10902,1.524951047,1,0.80634862,2,88.06200409,2290.687012,223.0043488,6263,1236,2.450000048,0.55,207,5453303.5,260.0155334,663,159,6159.758789,122288424,2250.200928,4.432161331,573504.1875,0.460000008,210.47,"w51",0.205685140057921,0.192243520193445,0.212997286733205,0.197624837034722,0.209248742545876,0.194868705651437
"154",2013,"贵州","w52",0.04170822,4.2906,394.28,94.1,4780,0,0,0,0,13.10000038,379,21.00000191,500,7,0.004337478,0.33,94,131667.0313,75.00000763,106,6,259.8000183,701.5999146,173.2555237,2.077556133,96868.96094,0.310000002,48.68,"w52",0.0250768729526095,0.0244238313014289,0.0215169966315374,0.0210849368817034,0.0233419536904637,0.0227950074772669
"155",2014,"贵州","w52",0.20020822,8.6004,386.18,95.39,5104,0,0,0,0,15.08225346,325.999939,20,330,14,0.010120782,0.35,95,152461.9688,74.00000763,105,7,324.5247192,1038.52478,204.5935516,2.185950279,105913.0234,0.299999982,54.69,"w52",0.0269841666313929,0.0262897262715433,0.022747001761027,0.0222902435963703,0.024919168219237,0.024338645510451
"156",2015,"贵州","w52",3.2992344,13.6,421.92,95.97,4469,0,0,0,0,17.36445427,335.999939,21.00000191,1069,17,0.023615159,0.35,96,139047.9531,73.00001526,95,8,405.3744507,1537.248779,241.5999451,2.299999952,119936.0078,0.299999982,61.2,"w52",0.0289802621370596,0.0282441118404471,0.0247403243014562,0.0242435403630867,0.0269139123097505,0.0262924999254099
"157",2016,"贵州","w52",1.80576375,18.811,452.75,96.13,5112,0,0,0,0,19.99199104,341,25.99999809,294,29,0.055102039,0.35,98,149523.0625,73.00001526,113,12,506.3664856,2275.471924,285.2999573,2.420000076,151127.9844,0.350000024,67.34,"w52",0.0326778901654679,0.0318520932934794,0.0277661062901244,0.027208564866337,0.0302841136158758,0.0295868255792266
"158",2017,"贵州","w52",1.71667336,25.4716,576.43,96.47,5507,0,0,0,0,23.01711845,346.9999695,25.00000191,446,32,0.128571421,0.39,98,192914.0625,83.99998474,137,9,632.5189209,3368.207031,324.0000305,2.390000105,193288.0781,0.420000017,64.73,"w52",0.0379665861632636,0.0370129857435745,0.0322389620634302,0.0315916060163683,0.0351752067778869,0.0343682562764391
"159",2018,"贵州","w52",1.57262082,39.795,702.9,96.76,5410,0,0,0,0,26.49999809,339.0000305,28.00000191,860,61,0.299999982,0.41,98,182108,91,153,15,790.1000977,4985.699219,446.599884,2.909999847,177391.0781,0.350000024,60.8,"w52",0.0399209319119569,0.0389450932494619,0.0350587809116744,0.0343548031042892,0.0375513441327638,0.0367057969410486
"160",2019,"贵州","w52",2.5034377,119.9342,813,97,5397,0,0,0,0,24.63217354,325.999939,32,1022,78,0.699999988,0.44,98,153374.0156,91,158,18,808.4004517,127256.6172,461,2.750000238,185674.9688,0.310000002,68.76,"w52",0.0432259611534037,0.042194986768881,0.0392877149912524,0.0384988204907164,0.0413066419103885,0.0403918738413289
"161",2020,"贵州","w52",1.19491373,110.1,836.9,97.51,5057,0,0,0,0,22.89600182,352.9999695,35.00000381,1222,83,2.5,0.43,100,218920.0938,92,200,31,827.1246948,3248139.5,452.0000305,2.529999971,246931.0469,0.430000007,72.76,"w52",0.0495993978548013,0.0483898451362619,0.0440832665789195,0.0431980777462904,0.046911090301417,0.0458571282092654
"162",2021,"贵州","w52",1.26637631,230.2622,869.08,97.76,5794,0,0,0,0,21.28220177,382.2362061,38.28125763,1571,88,40.87999725,0.47,99,312478,93.01099396,133,23,846.2825928,82906568,443.1757813,2.327600002,328396.125,0.59645164,117.08,"w52",0.0852044250489494,0.0831944415164359,0.0823544411807018,0.0807007699056827,0.0838154745731816,0.0819779455094837
"163",2013,"云南","w53",27.55275416,8.3572,478.51,97.26,7214,0,0,0,0,21.60000038,623,85,314,22,15.41999912,0.38,152,1265769,83.99998474,259,18,521.6998901,1052.200195,373.359436,3.222456455,143711.9844,0.350000024,61.35,"w53",0.0521928911823864,0.050840486034315,0.0441678508529476,0.0432809635741597,0.0482818572611723,0.0471526993796531
"164",2014,"云南","w53",29.50178616,11.1535,473.09,97.48,7313,0,0,0,0,23.27817535,720.000061,95,242,18,4.539999962,0.4,151,1344957.125,85.99998474,284,17,612.4666138,1347.766235,398.390625,3.170814514,174862.0313,0.389999986,56.21,"w53",0.0551011876660767,0.0536696392109622,0.0464547846818848,0.0455219759357594,0.0508873302922252,0.0496949378920175
"165",2015,"云南","w53",13.03286055,17,427.22,97.68,7335,0,0,0,0,25.08673286,680,86.99999237,421,33,52.36000443,0.41,151,1301043.5,85.99998474,276,40,719.0251465,1726.357544,425.0999451,3.119999886,191211,0.409999996,61.66,"w53",0.0568646172641677,0.0553892566261004,0.0482670426939536,0.0472978439368644,0.0526745566035471,0.0514419962151414
"166",2016,"云南","w53",15.63509702,27.5182,393.18,98.24,7542,0,0,0,0,27.03580475,740.0001221,96,410,33,115.1600189,0.44,151,1345420.25,90.00000763,221,30,844.1229858,2211.296387,453.5999451,3.069999933,218728.0938,0.439999998,77.93,"w53",0.0606022580382546,0.0590436141273451,0.052021229148386,0.0509766465964249,0.0564202609778683,0.0551082788782047
"167",2017,"云南","w53",17.72039081,23.341,360.68,98.66,7623,0,0,0,0,29.13630486,768,99.00000763,556,43,65.4200058,0.44,151,1394885.75,125.0000076,316,45,990.9857178,2832.455811,517.4000854,3.160000086,241003.0313,0.420000017,71.3,"w53",0.0632362718833048,0.0615982743283067,0.0541328700985489,0.0530458859476894,0.0587996944061781,0.0574261346327422
"168",2018,"云南","w53",17.57841075,46.615,434.6,98.9,7264,0,0,0,0,31.39999962,765.000061,98.00001526,799,48,102.159996,0.45,151,1518885.125,137.0000153,268,27,1163.400024,3628.100586,622.3999023,2.980000257,299680.0625,0.49000001,72.2,"w53",0.0679834069542212,0.0662440011490778,0.0590102422249801,0.0578253207914747,0.0636103010013495,0.0621370886772555
"169",2019,"云南","w53",17.33805207,99.0032,361.7,99.14,7875,0,0,0,0,29.76716232,786.000061,85,935,50,103.7399902,48,151,1668431.5,139.9999847,304,50,1144.28772,74004.39063,692.000061,2.980000257,388802.0938,0.670000017,77.9,"w53",0.221327443093565,0.215376723414446,0.138724900234894,0.135939314183196,0.181070779720335,0.176624511328565
"170",2020,"云南","w53",17.26903016,89.9,389.21,99.38,7514,0,0,0,0,28.21923447,839.9998779,91,1308,90,11.83000088,0.5,149,1653623.625,160.9999695,270,34,1125.489502,1509508.875,644.999939,2.630000114,353526.9063,0.50999999,93.08,"w53",0.0719707923302269,0.0701297578009055,0.0623405185695719,0.0610887254258106,0.0672774417921201,0.0657192413016192
"171",2021,"云南","w53",17.76645068,42.5727,384.47,99.63,7405,0,0,0,0,26.75180054,897.7095947,97.42352295,1653,130,2,0.52,151,1638947.125,185.1499634,312,50,1107,30790296,601.1920166,2.321107388,321452.1563,0.388208956,77.57,"w53",0.0770535705613302,0.0750760893166547,0.0689301105642696,0.0675459988856546,0.0730945714408421,0.0714026605853815
"172",2013,"西藏","w54",0.01403745,0.4989,13.06,95.51,738,0,0,0,0,1.700000048,5442.000488,18,3,0,9.08630085,0.32,78,230966.9531,2,79,14,23.10000229,41.19999695,14.12290955,1.719827533,31965.99414,0.319999993,22.51,"w54",0.040672348574386,0.0393917698733144,0.031901946846423,0.0312613580407585,0.03639805994123,0.0354254843822613
"173",2014,"西藏","w54",0.02015345,0.8645,14.86,95.91,1155,0,0,0,0,1.941162705,7184.002441,18,18,0,7.591892242,0.39,78,235461.9688,4,88,14,36.35386658,67.51861572,19.34572601,2.106455564,50826.01172,0.430000007,34.1,"w54",0.0548458974951222,0.0531395320807581,0.0428152809839029,0.0419555532111214,0.048982730789792,0.0476836149591601
"174",2015,"西藏","w54",1.0244472,1.1,16.86,95.96,1360,0,0,0,0,2.21653676,730.9998779,15.00000095,18,1,6.343266487,0.5,79,262984.0938,6.999999523,87,14,57.21226501,110.6495972,26.49999809,2.579999924,57816.01563,0.420000017,34.73,"w54",0.0223650632333248,0.0217410839157705,0.0160081876447831,0.0156867443844833,0.019267015742084,0.0187875755898208
"175",2016,"西藏","w54",0.04915396,1.0475,18.39,96.32,1416,0,0,0,0,2.53097558,1429.999634,16,11,0,5.300000191,0.53,81,278587.125,6.999999523,87,14,90.03839111,181.3327179,36.30000305,3.160000086,72823.99219,0.460000008,34.85,"w54",0.0287880739390956,0.0279800522823651,0.0208649849088335,0.0204460175076494,0.0249267263712234,0.0243046993689505
"176",2017,"西藏","w54",0.03801843,1.7882,19.81,97.26,1437,0,0,0,0,2.890020609,1529.000244,15.00000095,21,1,4.428318024,0.58,81,276213.0625,6.999999523,87,15,141.6988373,297.168335,38.09999847,2.909999847,83889,0.5,44.93,"w54",0.0316565697117044,0.0307660228725968,0.0226508091210133,0.0221959824976722,0.0272675780418034,0.0265852719467095
"177",2018,"西藏","w54",0.04591781,1.2046,21.5,98.21,1482,0,0,0,0,3.300000191,858.9998779,18,149,2,3.700000048,0.64,81,265885.9688,6.999999523,86,14,222.9999847,486.9998779,73.69998169,4.759999752,100866.9688,0.50999999,46.02,"w54",0.032459418812756,0.0316051153269661,0.0227840138651695,0.022326512500115,0.0277440734190787,0.0270787040544125
"178",2019,"西藏","w54",0.03827681,2.0058,21.9,98.61,1419,0,0,0,0,3.288359165,1163.000122,17,215,3,3.499999762,0.7,81,287754.875,6.999999523,85,15,298.9486694,11544.64355,82.99998474,4.889999866,102479.0391,0.469999999,57.55,"w54",0.0343912740840139,0.0334837834410792,0.0245850808004597,0.0240914141404609,0.0296121884974565,0.0289018730962075
"179",2020,"西藏","w54",0.03507027,1.6,18.14,99.23,1425,0,0,0,0,3.276759148,1977.000244,16,323,7,3,0.68,81,393804.8438,8,87,25,400.7637634,273673.1875,78.99999237,4.170000076,112986.0156,0.50999999,59.43,"w54",0.040480375826272,0.0393724800084507,0.0293896248821298,0.028799483321403,0.035075256179065,0.0342146203304364
"180",2021,"西藏","w54",0.03793691,1.3411,26.5,99.39,1441,0,0,0,0,3.2651999,3360.730225,15.05882359,133,3,8.579999924,0.72,82,538938.75,9.142857552,89,27,537.2546997,6487597.5,75.19276428,3.556012392,124570.2422,0.553404272,46.56,"w54",0.0508603162755861,0.0494269473823531,0.0383255730043651,0.037555998245951,0.0447514614767362,0.0436359033006488
"181",2013,"陕西","w61",4.11750959,13.208,526.26,98.26,5781,0,0,0,0,27.89999771,2859,132.9999695,796,114,177.8999786,0.37,114,1355288.625,221.0000305,119,86,751.0998535,1476.799805,560.2307129,3.595758677,191782.9844,0.519999981,100.44,"w61",0.0772032580654565,0.0751536911366374,0.0667549057433591,0.0654144720216102,0.0721112138295396,0.0704025759083235
"182",2014,"陕西","w61",4.98392159,20.2147,501.31,98.49,5633,0,0,0,0,30.40708542,3063.999268,128,1022,194,14.71000099,0.4,114,1636437.25,237.9999542,143,85,873.1383057,1912.298096,631.5284424,3.768719435,193209.0156,0.49000001,93.23,"w61",0.0775916921957806,0.0755247632285531,0.0663859874657685,0.0650529615965863,0.0721305493838974,0.0704162698664155
"183",2015,"陕西","w61",12.0743328,32.5,543.28,98.71,5642,0,0,0,0,33.1394577,2998.001221,109.0000229,1755,216,44.3500061,0.4,110,2885836,248.9999542,177,88,1015.005493,2476.221924,711.8999634,3.949999809,205168.0313,0.469999999,103.09,"w61",0.0856919293456016,0.0834606126995616,0.0755627465050512,0.0740454519722308,0.0807554335702161,0.0788675839381875
"184",2016,"陕西","w61",18.60337354,43.08,598.29,98.87,5836,0,0,0,0,36.11736298,3163.001221,110.0000076,4179,255,43.95999908,0.43,110,2617469.5,274.0000305,281,92,1179.923218,3206.443115,802.499939,4.139999866,216684.9219,0.49000001,125.85,"w61",0.0926933727528127,0.090289644886385,0.0826644454922933,0.0810045493529213,0.0878057369155952,0.0857600662554533
"185",2017,"陕西","w61",16.00425408,39.6283,690.1,98.99,5884,0,0,0,0,39.36286163,3409.000244,100.9999924,4941,318,32.29999542,0.45,110,4004126.5,282.0000305,462,120,1371.636597,4152.001953,911.0997925,4.159999847,208454.0156,0.430000007,121.95,"w61",0.103278966331597,0.100614672272012,0.0937364860840257,0.0918542641633128,0.098628402295942,0.0963410536297058
"186",2018,"陕西","w61",15.86745014,52.9594,730.7,99.34,6130,0,0,0,0,42.89999771,3789.000977,100.9999924,2271,469,45.38000488,0.49,111,4046734.75,294.0000305,531,102,1594.499634,5376.399414,723.000061,3.019999981,219126.0469,0.409999996,126.11,"w61",0.105081745551533,0.102342179031264,0.0953554502779765,0.0934407196723106,0.100341598563975,0.097999750894568
"187",2019,"陕西","w61",12.31035945,107.4086,745.8,99.38,6160,0,0,0,0,40.98651886,3823,100.0000076,2569,654,49.64000702,0.54,111,4077112.5,294.0000305,516,114,1597.171875,135365.0469,721.0001831,2.800000191,245213.0156,0.430000007,127.58,"w61",0.109153553748637,0.106325063309318,0.0999024908707399,0.0978964560159431,0.10464501307626,0.102213308147835
"188",2020,"陕西","w61",15.81451034,98.7,750.8,99.62,6330,0,0,0,0,39.15839005,3944.998291,76,2975,681,13.64999962,0.55,117,4042376,308.9999695,591,106,1599.848511,3408172.25,693.999939,2.670000076,265388.9375,0.449999988,140.57,"w61",0.112616268711445,0.109685086496255,0.102626153264263,0.10056542746386,0.107747547959046,0.105236213296659
"189",2021,"陕西","w61",16.74138844,59.2558,758.71,99.66,6224,0,0,0,0,37.41180038,4070.889893,57.75999069,3830,872,0.199999988,0.58,117,4007935.5,324.7652283,577,102,1602.529785,85809728,668.0108643,2.546035767,287224.9063,0.470930219,161.76,"w61",0.138329582468297,0.134799918240794,0.131456318603087,0.12881668514948,0.134979871186762,0.131881098002852
"190",2013,"甘肃","w62",0.39334416,2.9295,196.09,98.04,4499,0,0,0,0,13.80000019,599.0001221,24,123,13,1.299999952,0.47,103,600243.0625,143.0000305,124,22,169.5000153,346.2999573,89.87915039,1.487172127,98665.03906,0.430000007,59.76,"w62",0.0366652613649017,0.0356539283840522,0.0280148523709563,0.027452316143698,0.0324494516469632,0.0316529089643589
"191",2014,"甘肃","w62",0.57312416,4.8074,197.03,98.35,4709,0,0,0,0,13.71905613,721.0001831,23,131,6,0.099999994,0.5,103,611756.75,147.0000153,190,22,179.7761536,453.4212646,105.6550598,1.649704576,110710.0391,0.439999998,49.6,"w62",0.0391869407947754,0.0381038050659018,0.0298873124693759,0.0292871773775757,0.0346547315668793,0.0338027606415345
"192",2015,"甘肃","w62",2.66891205,13.7,191.78,98.47,4918,1.188448723,1,0.226680267,1,13.638587,717.9998779,23,199,11,17.70000076,0.52,103,609895,150.0000153,191,24,190.675293,593.6785889,124.2000046,1.830000043,113802.0391,0.379999995,62.76,"w62",0.0537008357698405,0.0419836800208823,0.0498550557768154,0.0352881802521281,0.0518265802659682,0.038717392391783
"193",2016,"甘肃","w62",2.03607422,11.113,171.37,98.55,5175,1.378659798,1,1.001639046,1,13.55858898,748.000061,60.00000381,271,9,0.099999994,0.53,103,573857.0625,152,227,48,202.235199,777.3217773,146.0000305,2.029999971,143170,0.280000001,63.84,"w62",0.0553454863993,0.0449567873724033,0.0525119165993637,0.0390570188161246,0.0539645353821412,0.0420786839125465
"194",2017,"甘肃","w62",1.13122369,11.6618,159,98.68,5358,1.310739373,1,0.296208531,1,13.47906113,773.9998779,91,383,12,0.083255321,0.57,103,537364.1875,204,286,45,214.4959412,1017.771606,163.6000061,2.190000057,166608.0469,0.5,64.59,"w62",0.0638855698928477,0.0510450201017741,0.0579262746310933,0.0420689026680323,0.0609812846857375,0.0466661712714009
"195",2018,"甘肃","w62",1.290861,25.3713,144.5,98.81,5339,1.263984687,1,0.956632653,1,13.39999962,808.999939,90.00000763,559,30,0.06931448,0.59,103,556848.875,214.9999695,351,44,227.5,1332.599976,178.2000275,2.200000048,180010.0781,0.480000019,72.52,"w62",0.0654924096538387,0.0556870478332128,0.0595792087149377,0.0471289916971185,0.0626105886902531,0.0515121432178904
"196",2019,"甘肃","w62",1.25306189,34.3054,122.1,98.9,5287,1.291052571,1,1.243781095,1,13.2478447,558,95,675,33,0.057707995,0.64,104,695668.25,223.9999695,343,42,233.3876801,27339.38281,188.9999847,2.170000076,204940,0.519999981,84.85,"w62",0.0674336484310473,0.0584945454656481,0.0613835935738591,0.0498376161442662,0.0644851311899726,0.0542714072198115
"197",2020,"甘肃","w62",1.63444244,42.7,126.35,99.41,5303,1.321277608,1,0.903750565,1,13.09741783,801.0001221,94.00001526,903,27,0.048044976,0.73,104,773582.3125,226.0000153,347,36,239.4277344,560889.875,187.0000153,2.079999924,184417.0781,0.439999998,88.43,"w62",0.0682421438426485,0.0576408700875243,0.0625302561752189,0.0491178404452479,0.0654584336674444,0.05348305256165
"198",2021,"甘肃","w62",1.76587366,14.6412,122.62,99.49,5346,1.30488104,1,0.170570844,1,12.948699,1149.822998,93.01055145,892,69,0.039999999,0.78,104,860222.6875,228.0179291,392,55,245.6240997,11507117,185.0212097,1.993732691,165949.3281,0.372307718,82.71,"w62",0.0719653545178074,0.058463648650249,0.066644775952069,0.050130719854966,0.0693723503213359,0.0543985686445391
"199",2013,"青海","w63",0.00096186,1.1134,57.55,96.93,1942,0,0,0,0,4.100000381,54.00000381,15.00000095,29,1,0.399999976,0.66,49,245398.0625,22.00000191,37,16,144.5,187.3999939,40.42969131,1.901840925,50669.01172,0.409999996,25.84,"w63",0.0163799795360605,0.0159449804258654,0.010845360313379,0.010627586255777,0.0136826618114996,0.0133509785743747
"200",2014,"青海","w63",0.08271386,1.594,64.48,97.61,1921,0,0,0,0,4.139241695,40,16,60,2,1,0.67,49,192901.9219,22.00000191,64,16,134.1900635,210.4741058,47.06959915,2.077782154,63783.97266,0.469999999,34.16,"w63",0.0194473986498588,0.0189328070193418,0.0127653145312154,0.0125089879305584,0.0161908595448088,0.0157990542681011
"201",2015,"青海","w63",0.3405108,2.6,68.94,98,2143,0,0,0,0,4.178858757,48.99999619,15.00000095,19,2,0.599999964,0.7,49,179008.0781,23,54,16,124.6157379,236.3892822,54.80000305,2.269999981,65392.97266,0.430000007,33.6,"w63",0.0192283796427574,0.0187252050152546,0.0125779691024452,0.0123254043845673,0.0159872767765516,0.0156031692672637
"202",2016,"青海","w63",0.24732937,4.5972,54.1,98.21,2190,0,0,0,0,4.218855381,65.00001526,17,38,7,0.883176088,0.76,49,189988.0625,23,60,20,115.7245255,265.4953308,63.79999542,2.480000019,78467,0.50999999,33.32,"w63",0.0225186569480142,0.0219282037436439,0.0147195916901488,0.0144240233442402,0.0187177528372423,0.01826741478813
"203",2017,"青海","w63",0.15291822,2.0124,44.35,98.43,2194,0,0,0,0,4.259234428,61.99999619,16,42,2,1.299999952,0.77,49,103127.9766,23,48,19,107.4676971,298.1851196,44.59999847,1.700000048,88382.99219,0.580000043,37.58,"w63",0.0229545009417816,0.0223339035119341,0.0144627757975686,0.0141723642963721,0.0188160264014341,0.0183524330474585
"204",2018,"青海","w63",0.16567208,3.0392,94.7,98.65,2190,0,0,0,0,4.300000191,72,15.00000095,59,4,1.913548231,0.79,51,93724.00781,24,84,27,99.79998016,334.8999329,49.40000534,1.800000072,83738.00781,0.50999999,35.49,"w63",0.0228610758151214,0.0222456151854124,0.0147624175728768,0.0144659892863131,0.018914163924156,0.0184504547476762
"205",2019,"青海","w63",0.25652178,3.8997,95.9,98.82,2081,0,0,0,0,4.149851799,57,14.00000095,89,4,2.816666603,0.81,52,91858.03125,24,100,39,79.48581696,7540.89502,52.99999619,1.810000062,125985.0391,0.680000007,42.39,"w63",0.0288354124346906,0.0280563949585811,0.0188013594029674,0.0184238294540024,0.0239452785333853,0.0233573089111257
"206",2020,"青海","w63",0.33816788,4.5,97.36,99.11,2218,0,0,0,0,4.004945755,91,12,133,11,4.146021366,0.98,50,103150.9922,24,122,37,63.30657959,169797.2656,51,1.710000038,114590.9531,0.590000033,45.93,"w63",0.0275829208712393,0.0268388469720075,0.0180901912878284,0.0177269415436326,0.022956603010949,0.0223937562385101
"207",2021,"青海","w63",0.34637317,2.3155,97.67,99.17,2216,0,0,0,0,3.865100145,145.2807007,10.28571415,223,7,6.102777958,1.01,50,115832.3047,24,116,44,50.42060471,3823301.25,49.07547379,1.615524769,104227.3516,0.511911809,36.99,"w63",0.0267196663643554,0.0259983117505779,0.0180271387055352,0.0176651550526717,0.0224833299549264,0.0219331205663833
"208",2013,"宁夏","w64",0.09485476,1.6049,89.8,99.09,2052,0,0,0,0,4.100000381,297.0000305,30.99999809,36,3,90.66999054,0.91,26,108786.0547,11.00000095,33,3,52.99999619,165.4999847,49.38424683,2.008069992,38052.00391,0.409999996,16.6,"w64",0.0187807885407494,0.018293144754837,0.0122672029746584,0.0120208784183481,0.015606367846032,0.0152333244801958
"209",2014,"宁夏","w64",0.17335676,2.2989,96.37,99.11,2194,0,0,0,0,4.19545126,286.000061,25.99999809,32,1,0.350000024,1.04,26,105767.9766,12,31,3,58.9992218,193.5869141,56.61305618,2.116127729,46671.00391,0.469999999,16.02,"w64",0.0193336989876504,0.0188248492364445,0.0113902949738461,0.0111615786673276,0.0154624508352975,0.0150864508012514
"210",2015,"宁夏","w64",3.349512,3.8,72.01,99.24,2106,0,0,0,0,4.293124199,289.9999695,27.00000191,37,4,0.315125108,1.06,26,103782.9922,12,40,3,65.67752075,226.4404602,64.90000916,2.230000019,58611.00391,0.50999999,20.97,"w64",0.0211470985332274,0.020591750665485,0.0127244256440046,0.0124689200892715,0.0170422768719331,0.0166291635635976
"211",2016,"宁夏","w64",1.19883614,4.2549,104.71,99.34,2251,0,0,0,0,4.393071175,312.000061,30.00000191,67,3,0.283725232,1.02,26,75362.01563,12.99999905,34,6,73.11175537,264.8695679,74.3999939,2.350000143,67680.98438,0.540000021,25.23,"w64",0.022728392686892,0.0221343878408655,0.0139083474624655,0.0136290688424917,0.0184299101069562,0.0179852101565385
"212",2017,"宁夏","w64",0.57148013,3.2747,62,99.37,2303,0,0,0,0,4.495345116,300.0000305,30.00000191,138,9,0.255454093,1.06,26,387188.0625,54.00000381,45,3,81.38748932,309.8204346,81.49998474,2.369999886,63792.97656,0.460000008,22.82,"w64",0.0229367967032306,0.0223384152068011,0.0147128938076252,0.0144174599547175,0.0189288463541844,0.0184743096069075
"213",2018,"宁夏","w64",0.1018327,7.1927,104.6,99.79,2391,0,0,0,0,4.599999905,328.9999695,28.00000191,150,20,0.229999989,1.06,27,395521.125,54.00000381,75,6,90.59998322,362.3999329,90.40000916,2.579999924,69171.96875,0.480000019,23.33,"w64",0.02554761902195,0.0248847137271637,0.0167216594235661,0.0163858897010963,0.0212462540493756,0.0207387045064957
"214",2019,"宁夏","w64",0.16183704,8.1511,106.9,99.88,2345,0,0,0,0,4.325551033,294.0000305,28.99999809,125,8,0.207082197,1.08,27,367622.0938,55.00000381,30,3,97.18295288,7898.831543,102,2.710000038,82221.96875,0.569999993,25.85,"w64",0.027476734698056,0.0267655201710448,0.0176817337671285,0.0173266858206664,0.0227031037471122,0.0221609426284345
"215",2020,"宁夏","w64",0.1487869,7.7,110.22,99.94,2197,0,0,0,0,4.067476749,275.0000305,30.00000191,298,16,0.186447978,1.11,27,370692,54.00000381,30,3,104.2442398,172162.125,102.9999924,2.610000134,94305.98438,0.639999986,29.43,"w64",0.0295340897394322,0.0287662374125359,0.0190439360003326,0.0186615351306824,0.0244216734239819,0.0238368273313091
"216",2021,"宁夏","w64",0.18898747,4.6938,120.15,99.98,2178,0,0,0,0,3.824799776,257.2279053,31.03448868,395,23,0.167869821,1.18,27,373787.5313,53.01818466,43,6,111.8186035,3752428.25,104.0097885,2.513689995,108165.9688,0.718596518,24.39,"w64",0.0329556956538617,0.0320953431958098,0.0216671458501964,0.0212320711148157,0.0274541779803003,0.026795877519584
"217",2013,"山西","z14",41.25077932,8.1775,344.65,98.45,5821,1.604570595,1,0,1,21.10000038,2038.000122,876.0001831,386,16,21.44999886,0.4,127,906750.625,96.99998474,226,100,306.0999756,718.3999023,227.841217,1.845703006,141054.9688,0.469999999,66.69,"z14",0.0902414666751236,0.0727657905952057,0.0819754619838196,0.0608948882079379,0.0862129978558441,0.066974769319285
"218",2014,"山西","z14",45.33140132,13.1922,367.97,98.95,5686,1.312891004,1,0,1,21.50421333,2142.999756,843.0001221,238,35,32.32999802,0.4,126,1126165.5,99.00000763,351,99,325.5625916,854.6607056,247.4286499,1.96875,140919.0469,0.460000008,63.95,"z14",0.091004289277589,0.0761717093026256,0.0818544788280322,0.0641940973497975,0.0865450943611943,0.0703286315490806
"219",2015,"山西","z14",21.75181065,21.5,382.4,99.31,5638,1.214689266,1,0.126278571,1,21.91616821,1887.000244,1093.999756,291,20,11.5,0.42,126,1197672.5,100.0000076,456,137,346.2626648,1016.766479,268.7000122,2.099999905,182006.9531,0.529999971,73.08,"z14",0.0981452450850098,0.0845075719531494,0.0863168316604047,0.0702705971319365,0.0923806228228547,0.0775623017955227
"220",2016,"山西","z14",42.79684045,23.9006,358.83,99.41,6503,1.393471393,1,0.329091707,1,22.33601761,1968,1397.999878,309,24,18.22999954,0.47,127,1458367.5,104.9999847,546,127,368.2789001,1209.619385,291.8000488,2.24000001,197818,0.580000043,72.64,"z14",0.110788868661414,0.095986313681735,0.097515740296869,0.0800380204586369,0.10432015907949,0.0882062054509875
"221",2017,"山西","z14",32.79708743,24.4481,346.79,99.55,6587,1.113384689,1,0.741702207,1,22.76390839,1977.000244,1435.999756,342,30,11.82000065,0.47,128,1626580.5,138,665,121,391.6950073,1439.051025,329.7999268,2.119999886,222492.9531,0.590000033,71.92,"z14",0.11205052211955,0.10140980425664,0.0973632721263464,0.084977670182167,0.104892634984447,0.0933936623552359
"222",2018,"山西","z14",29.4992298,107.5614,311.8,99.57,6887,0.992809805,1,0.519615485,1,23.19999695,1857.000244,1414.999878,515,66,2.620000124,0.47,128,1799226.375,152,795,125,416.5999451,1711.999756,343.999939,2.160000086,233499.9375,0.540000021,92.85,"z14",0.115330620138361,0.104846808587893,0.1014982261626,0.0894697482224708,0.108589350334103,0.0973453667570863
"223",2019,"山西","z14",38.31038657,82.0642,300.5,99.59,7110,1.447871654,1,12.56913022,1,22.29466248,1702.000244,1258.000122,548,74,3.210000038,0.5,128,1759224.25,157.9999847,779,137,491.1670837,46438.81641,386.999939,2.279999971,282299,0.599999964,112.24,"z14",0.119244382858438,0.152837105286454,0.106780024884484,0.142087224929611,0.113169830601864,0.147592955867211
"224",2020,"山西","z14",33.23554569,82.8,345.01,99.65,6906,1.418548676,1,7.8242965,1,21.42465782,1680.999878,1252.000244,1127,128,2.49000001,0.54,128,1834053.375,159.0000305,827,167,579.0809326,1259675.25,405.0000305,2.269999981,274503,0.540000021,112.31,"z14",0.120290977126156,0.135104197061264,0.108418722229808,0.123255395987763,0.114504988556032,0.129323957541782
"225",2021,"山西","z14",35.83710236,34.9239,332.67,99.22,6983,1.237464857,1,6.435863293,1,20.58860207,1660.258545,1246.029053,1235,120,1.849999905,0.62,128,1912065.375,160.0064087,814,172,682.7304688,34169296,423.8373413,2.260043859,266922.2813,0.486000001,97.04,"z14",0.124871884996524,0.135670542555369,0.114342112626725,0.125100700636203,0.119740160390745,0.130514221878125
"226",2013,"安徽","z34",12.96827492,21.1612,348,98.57,7132,1.764216207,2,0.273103331,2,51.09999847,465.9999695,134.0000305,2219,108,2.25999999,0.29,107,929951.3125,153.9999847,991,48,2251.600586,2290.700195,607.9425659,3.402495861,111141.0156,0.25999999,79.5,"z34",0.0843879167248681,0.0665538587159675,0.0867367075057003,0.0642530867793686,0.0855326088436069,0.0654314655902203
"227",2014,"安徽","z34",15.50134292,35.6011,386.34,98.72,7488,1.343838987,2,0.524815995,2,54.13692474,472.000061,141.0000153,1600,98,74.29998016,0.29,113,1005944.875,164,988,48,2519.361572,2773.556152,711.9281006,3.591024876,119933.0313,0.25999999,82.25,"z34",0.0851857635637386,0.0721929994254073,0.0869508074667168,0.070491108364974,0.0860459644217526,0.0713627603232107
"228",2015,"安徽","z34",24.5359551,48.9,507.41,98.93,7675,1.598070955,2,0.677618799,2,57.3543396,542.000061,139.0000153,1747,195,3.519999981,0.32,122,1021742.375,171,1617,76,2818.964844,3358.193604,833.6998901,3.789999962,146252,0.280000001,88.19,"z34",0.101484001338493,0.0863431625086603,0.102666363899312,0.0835813670557328,0.102060230228655,0.0849958667677065
"229",2016,"安徽","z34",22.03600859,74.5403,585.21,99.03,7549,1.633109648,2,1.092482494,2,60.76296616,467.000061,141.0000153,2259,412,3.109999895,0.35,123,1006694.375,171,1879,88,3154.196777,4066.066162,976.3000488,4,175603.0156,0.319999993,84.23,"z34",0.110323600906247,0.0963156715145572,0.111884382881256,0.0940207238781261,0.111084253936923,0.0951961196762782
"230",2017,"安徽","z34",20.61876293,72.1542,550.85,99.19,7823,1.682967126,2,1.570309512,2,64.37417603,487.9999084,142.0000305,2252,368,2.230000019,0.41,124,1023987.938,196.0000305,2639,91,3529.294922,4923.151367,1088.299927,4.03000021,183018.0625,0.289999992,80.94,"z34",0.121624654311218,0.108750309719506,0.122637172685043,0.10606615794085,0.122118108990985,0.107440891147025
"231",2018,"安徽","z34",31.96937025,90.4734,589.7,99.83,7999,1.409896658,2,1.482257528,2,68.19999695,511,143.0000305,2782,507,1.210000038,0.46,126,1057971.875,200.9999542,2859,107,3948.999756,5960.901367,1537.299927,4.519999981,198574.0625,0.299999982,79.77,"z34",0.129154527578231,0.11825117386447,0.130000556003701,0.116095748938891,0.129566842748559,0.117199685848187
"232",2019,"安徽","z34",35.12065237,151.3616,587.7,99.87,8288,1.296323279,2,2.085468024,2,68.25249481,472.000061,142.0000305,3071,580,1.279999971,0.49,127,1086317.375,219.0000458,2628,107,4078.263916,143217.7031,1665.000366,4.519999981,218762.1094,0.299999982,87.98,"z34",0.129721690165666,0.122298757357817,0.131425981952945,0.121465266177531,0.130552283249073,0.121892152619536
"233",2020,"安徽","z34",27.59101217,154.8,618.03,99.9,8351,1.370335812,2,2.845875581,2,68.30503082,394.9999695,148.0000153,4316,919,2.429999828,0.58,131,963140.0625,230.0000153,2334,100,4211.759277,3440975,1607.000122,4.21999979,225055.0938,0.299999982,97.06,"z34",0.129568504118861,0.124548952233781,0.132589397653864,0.125068476435331,0.131040748070637,0.124802393430278
"234",2021,"安徽","z34",28.92425208,133.434,614.77,99.92,8198,1.376045005,2,0.647402676,2,68.35761261,330.5613403,154.25354,5529,851,0.299999982,0.62,133,853929.75,241.5524902,2870,106,4349.624512,82673496,1551.020264,3.939910889,231529.1094,0.299999982,86.1,"z34",0.158973787259516,0.14435626108876,0.164265204343731,0.146412562622329,0.161552579497075,0.145359393415362
"235",2013,"江西","z36",26.51682372,9.6139,420.3,98.5,6867,0.865535504,1,0.322453901,2,50.90000153,292.000061,292.000061,696,25,14.29999924,0.44,114,645355,137.0000153,229,51,1793.299927,1424.199829,468.1471863,3.423189402,89732.96094,0.25999999,52.62,"z36",0.0621926286035249,0.0562199684646794,0.0598538301870527,0.0531638675614319,0.0610528063015547,0.0547291007298854
"236",2014,"江西","z36",30.71005572,18.0127,498.8,98.55,7015,1.309545263,1,0.437474761,2,51.39046097,592.999939,286.000061,1028,59,19.13999939,0.47,114,755188.25,137.0000153,219,49,1888.354614,1682.334229,536.0928955,3.544446945,103717,0.270000011,60.03,"z36",0.0709349631936469,0.0611573694059143,0.0697743524378941,0.0581862541915189,0.0703693351283992,0.0597079605186649
"237",2015,"江西","z36",32.27674155,35.6,573.14,98.64,7072,1.300296918,1,0.696012573,2,51.88564301,569.0001221,334,1804,85,8.06000042,0.47,114,609511.8125,137.0000153,236,57,1988.447632,1987.255005,613.9000854,3.669999838,127094.0547,0.289999992,68.9,"z36",0.0746722835205813,0.0659308850146487,0.0734289244471344,0.0630081429136903,0.07406632774804,0.0645050741421043
"238",2016,"江西","z36",22.76290931,38.4982,585.94,98.83,6959,1.616240294,1,0.98164575,2,52.38559723,498.999939,327.000061,2288,81,37.61000061,0.47,113,517400.9063,138,304,57,2093.846191,2347.442383,703.000061,3.800000191,128944.0313,0.280000001,70.49,"z36",0.0786344095434931,0.0680632666265586,0.0785830208166724,0.0656076745496456,0.0786093650520621,0.0668653470835896
"239",2017,"江西","z36",21.21892696,33.2293,581.89,98.89,7159,1.419914298,1,1.854523129,2,52.89036942,417.0000305,319,2704,80,9.039999962,0.53,113,627413.125,139.0000153,425,61,2204.831543,2772.91333,708.1000366,3.5400002,152603.0625,0.299999982,74.65,"z36",0.0789161345987284,0.0736210493249102,0.0779537323750528,0.0711144669489471,0.0784471042153122,0.0723982550169881
"240",2018,"江西","z36",20.86943193,77.1029,576.7,99.09,7021,1.356208734,1,1.958912075,2,53.40000534,393.999939,292.999939,3515,137,11.9299984,0.54,113,626590.9375,144,379,57,2321.699707,3275.500244,854.0001221,3.759999752,159461.0781,0.280000001,79.1,"z36",0.080078764891694,0.0757865747202778,0.0800649698205214,0.0743869805665763,0.0800720418112998,0.0751038061103335
"241",2019,"江西","z36",21.61699656,156.6758,526.9,99.14,7659,1.360301973,1,1.981317149,2,55.99899292,393.0000305,307.9999695,4072,180,6.760000229,0.57,114,614660.25,143.0000305,337,89,2827.059082,85548.07813,987,4,234404.8906,0.370000005,87.6,"z36",0.0891985045185223,0.0847600500373059,0.089344444171109,0.0835302898641654,0.0892696287631723,0.0841601320955515
"242",2020,"江西","z36",25.44963874,130.7,528.27,99.51,8080,1.339703492,1,2.153897957,2,58.72447586,469.0000305,301.999939,4557,257,6.769999981,0.63,114,687073.125,171.9999695,380,77,3442.418701,2234307,1096.999756,4.260000229,230014.0781,0.350000024,120.35,"z36",0.0937117481703982,0.0900542172019939,0.0942855449969201,0.0893693987947786,0.0939913902357695,0.0897201399905951
"243",2021,"江西","z36",26.75655222,57.2587,500.78,99.63,7233,1.314756672,1,0.412444137,2,61.58260345,559.6972046,296.1167908,5390,385,78.8400116,0.69,114,768016.9375,206.881012,395,82,4191.722656,58354648,1219.258911,4.536900043,225705.5,0.331081092,117.32,"z36",0.112520260836556,0.101670812616385,0.116158431428732,0.103468251358637,0.114293337109452,0.102547663057823
"244",2013,"河南","z41",44.57411381,36.7511,369.1,98.11,8369,1.2231925,1,0,1,84.80001068,2455.999756,173.9999847,1576,76,402.499939,0.24,157,2095459.75,222.0000305,429,139,2839.599854,3047.400391,934.5846558,3,161446.0313,0.289999992,80.78,"z41",0.108959416898577,0.0946627648746676,0.10985036046073,0.0926788681693791,0.109393621631566,0.0936949540331028
"245",2014,"河南","z41",51.03255581,63.2911,452.85,98.26,8878,1.20425718,1,0.245218244,1,91.45146179,2403.000488,180.0000153,1858,87,29.62999725,0.25,157,2043967.125,247.9999847,598,140,3106.126709,3497.528809,1019.394226,3,173941.9375,0.289999992,91.16,"z41",0.108351428916285,0.0952147581950756,0.107122005402889,0.0913011694580242,0.107752264691927,0.0933055793557503
"246",2015,"河南","z41",92.0383959,103.2,586.75,98.43,9203,1.351460929,1,1.195616074,1,98.62463379,2700.999512,173.0000153,2874,114,553.000061,0.26,158,2101397.5,247.9999847,824,150,3397.669922,4014.145508,1111.899902,3,206034.0938,0.299999982,105.38,"z41",0.131674001560429,0.120464970028814,0.134979921237381,0.121037347324638,0.133285154086347,0.120744194723773
"247",2016,"河南","z41",109.0153928,117.7483,777.24,98.64,9444,1.232275944,1,0.888987665,1,106.3604507,2851.000488,176.0000153,3182,169,203.6800232,0.28,158,1963554.25,270.0000305,1006,150,3716.577637,4607.070801,1212.800049,3,222775.9688,0.299999982,97.33,"z41",0.131782897518792,0.120413480629378,0.132826597352576,0.11898085747373,0.132291548601643,0.119714599373002
"248",2017,"河南","z41",118.7272573,123.1752,804.42,98.84,9757,1.163449163,1,3.248670998,1,114.7030334,2830.999756,180.9999542,3603,164,210.1299896,0.3,158,2001997.375,334,1671,157,4065.418457,5287.57666,1341.800171,3.009999752,251486.9375,0.310000002,97.52,"z41",0.145247491140889,0.143596807209103,0.145554976887637,0.142594968909067,0.145397345488837,0.143108077142822
"249",2018,"河南","z41",131.0626711,207.48,811.7,99.04,10339,1.063444656,1,3.157195081,1,123.6999893,2582.999512,171,4078,273,302.5100098,0.33,160,2065508.25,334,2017,155,4447.001465,6068.599609,2142.500244,4.290000439,277634.9375,0.299999982,103.04,"z41",0.159407975371481,0.158030053261846,0.162275633055058,0.159751038633432,0.160805539248358,0.158869607204526
"250",2019,"河南","z41",147.8915226,313.5248,784.9,99.47,10445,1.183459307,1,3.619016286,1,116.8377457,2408.000244,174.9999847,4112,228,14.28999996,0.35,164,2102574,340,2221,191,4616.717773,130064.0469,2251.000488,4.190000057,318107.9375,0.310000002,127.87,"z41",0.165062150287139,0.164298468116611,0.166736219658681,0.164738446484974,0.16587801436131,0.164513104208208
"251",2020,"河南","z41",186.6487983,273,696.07,99.58,10677,1.310894209,1,4.282339043,1,110.3561935,2366.000244,177.0000153,5845,437,56.55000305,0.41,166,2119936,335.999939,2391,198,4792.911133,2787571.75,2203.000488,4.059999943,332758.0313,0.319999993,140.93,"z41",0.172131680143786,0.172677738679315,0.174776389514922,0.174029140473201,0.173420589312793,0.173336997452187
"252",2021,"河南","z41",200.9360227,130.0817,642.22,99.64,10512,1.533586512,1,2.138604705,1,104.2341995,2324.73291,179.0229187,6319,545,172.759964,0.42,169,2137441.25,332.0469666,2249,222,4975.828613,59744072,2156.02417,3.934033632,348082.8125,0.330322534,122.01,"z41",0.187559311427477,0.177097662109354,0.193037831215516,0.179925457662769,0.190229288879237,0.178477154895964
"253",2013,"湖北","z42",16.72995067,21.0035,872.14,98.81,7088,1.859277696,2,0.280346401,3,49.1000061,682,155,1638,98,230.3500214,0.46,112,1926674.125,170,307,53,1930.499634,3207.300781,683.1515503,2.83092165,154137.9688,0.350000024,72.44,"z42",0.0938163714444981,0.0775037896905144,0.0969300329056356,0.0770340470534001,0.0953338261978423,0.0772746335979958
"254",2014,"湖北","z42",19.01762067,35.4941,895.95,98.89,7089,1.748237212,2,0.025546699,3,56.42404938,761.0001221,152,1049,167,489.7499084,0.49,112,2158845,173.9999847,273,52,2364.446533,4017.259766,763.7243652,2.860308409,168048.0625,0.340000004,76.65,"z42",0.100678099129583,0.0842227774035256,0.106007696770686,0.0861145912195777,0.10327549880673,0.0851456671469868
"255",2015,"湖北","z42",24.60852945,133.2,984.18,98.98,7203,1.746857272,3,0.955573586,3,64.84059143,732.9998779,153,1639,199,248.7200165,0.51,112,1947865.125,174.9999847,282,58,2895.938477,5031.762695,853.8001709,2.890000105,235647.9688,0.379999995,84.03,"z42",0.106920184923693,0.0911894195199684,0.113491387379856,0.0930300756158575,0.110122685428886,0.0920873528248854
"256",2016,"湖北","z42",22.91888188,101.9556,1003.25,99.15,7315,2.079720289,3,1.160145361,3,74.5125885,732.9998779,147.0000153,1884,215,52.01999664,0.56,112,1980655.75,182.9999695,308,58,3546.901367,6302.463867,954.4998169,2.920000076,290408.0938,0.449999988,96.61,"z42",0.110991554948526,0.0929352578614837,0.116912342729691,0.0933779820951531,0.11387707338854,0.0931512334775662
"257",2017,"湖北","z42",18.90360493,78.9674,1060.57,99.32,7576,2.022205358,3,2.102588865,3,85.62732697,726.0001221,143.0000305,2281,322,256.47995,0.61,116,2076764.875,199.0000153,473,65,4344.190918,7894.063477,1164.099731,3.279999971,343992.0938,0.50999999,95.26,"z42",0.122983379880879,0.10895165438438,0.129995651015731,0.111000183762953,0.126400836883874,0.1099509951951
"258",2018,"湖北","z42",15.68060833,106.2054,1060.8,99.58,7569,2.100517432,3,4.315053535,3,98.3999939,748.000061,138,2793,467,87.49999237,0.66,115,2112271.25,200.0000153,489,61,5320.699219,9887.598633,1779.699829,4.239999771,421351,0.580000043,113.15,"z42",0.130961997282705,0.124940452084645,0.138519754001195,0.128125555148682,0.134645298759193,0.126494251366966
"259",2019,"湖北","z42",19.90192685,206.3296,1055,99.7,7261,1.959268153,3,4.208848359,3,95.21544647,623,138,3249,722,18.20999908,0.71,116,2451046.5,213.0000458,388,67,5820.190918,229256.3438,1928.999756,4.25,410234.125,0.50999999,148.53,"z42",0.133470171648151,0.128309757569413,0.142962518904698,0.133669048880822,0.13809630317999,0.130924198240875
"260",2020,"湖北","z42",29.25230758,180.4,1174.34,99.82,7254,2.005719441,3,3.141131186,3,92.13395691,698.000061,85,4685,1003,11.34000111,0.76,117,2571660.25,213.9999695,441,73,6366.57373,5315595,1721.999634,4.009999752,432861.9688,0.50999999,146.52,"z42",0.138401142803983,0.128418078020293,0.148745679295023,0.134115448959593,0.143442591999856,0.131197445186321
"261",2021,"湖北","z42",30.50969496,85.9294,1245.85,99.85,7047,2.072264746,3,1.257330638,3,89.15219879,782.0291138,52.35507202,6320,1283,30.8599968,0.8,117,2698209,215.0045776,415,70,6964.249023,123248720,1537.212646,3.783552647,456737.9688,0.50999999,131.37,"z42",0.173013538069147,0.154069605620807,0.188586847135482,0.164126275906849,0.18060324946294,0.15897558409586
"262",2013,"湖南","z43",5.30449942,17.9771,679.49,97.4,6098,1.409645407,2,1.040799334,1,93.19998932,712.0001221,91,1295,85,326.940033,0.34,136,917385.75,102.9999924,227,58,3480.001465,2710.500732,1211.695313,4.999410152,144707,0.310000002,68.95,"z43",0.0885777459376885,0.0745427216534606,0.0949179441655094,0.0759125796512112,0.0916676656537634,0.0752109839768432
"263",2014,"湖南","z43",7.12918942,32.5229,768.26,97.51,6370,1.402989289,2,2.125816931,2,92.55101776,795.0001831,85.99998474,1333,93,198.7000122,0.36,136,967200.1875,109.0000229,271,57,3637.503906,3133.876221,1289.170898,4.873109341,162612.9844,0.319999993,80.01,"z43",0.0900564109553716,0.0829392168961074,0.0956342134826101,0.0853190505583448,0.0927747742276206,0.0841001789629803
"264",2015,"湖南","z43",29.3354088,58.6,1013.08,97.98,6515,1.914214545,2,2.029763776,2,91.90656281,835.000061,86.99999237,1846,144,329.4899597,0.38,137,985246.125,113.0000076,273,71,3802.134766,3623.382568,1371.60022,4.75,193798.0625,0.340000004,111.74,"z43",0.105205283414153,0.092690591087426,0.113289508879378,0.0962088446726547,0.109145161436355,0.0944069122820132
"265",2016,"湖南","z43",21.45241032,137.193,1090.3,98.26,6969,1.927714478,3,1.635280157,2,91.26660156,874.999939,96,2164,179,203.720047,0.42,137,976723.4375,115.0000076,452,86,3974.216797,4189.348633,1459.300171,4.630000114,241901.0625,0.379999995,140.68,"z43",0.115934140531701,0.0985617010174558,0.124796453025136,0.101091407800353,0.120253222225917,0.0997957761807145
"266",2017,"湖南","z43",15.23349351,112.4496,1038.15,99.3,7226,1.910868827,5,2.865658111,3,90.63108826,952.999939,98.00001526,2715,200,172.0500031,0.44,139,1000353.125,120.0000076,534,92,4154.086914,4843.717773,1280.5,3.779999733,277966.9063,0.399999976,148.83,"z43",0.123011091943063,0.107270671507082,0.13357633013894,0.110140819667596,0.128160100954046,0.108670825305028
"267",2018,"湖南","z43",12.74618691,122.2839,874.8,99.64,7371,1.849101668,5,3.023787041,3,90.00000763,927.999939,96,2646,274,266.6399841,0.48,140,1012975.438,121.0000153,510,105,4342.098145,5600.29834,1836.099854,5.049999714,313188.9688,0.420000017,134.54,"z43",0.128100628925165,0.113467614736953,0.139453650900585,0.117316448627892,0.133633567356798,0.115345204007152
"268",2019,"湖南","z43",14.05631922,250.1484,725.5,99.72,8029,1.613717803,5,2.737063531,3,87.47516632,947.000061,94.00001526,3226,328,222.3099976,0.52,141,1016507.625,117.0000229,575,119,4521.242188,127529.1641,2024.000122,5.070000172,354322.125,0.439999998,144.83,"z43",0.132946873788326,0.119221213260932,0.144453587523915,0.123718324235618,0.138554714483718,0.121415053668761
"269",2020,"湖南","z43",17.59748601,184.8,639.91,99.74,7464,1.650675749,5,2.682978112,3,85.02116394,681.000061,90.00000763,4502,521,161.6499939,0.59,143,804243.375,121.9999771,631,110,4707.777344,2904075,2058,4.949999809,347866.125,0.409999996,139.87,"z43",0.128795175451946,0.114607934310329,0.140761792817835,0.119430723898136,0.134627151930431,0.116960651584985
"270",2021,"湖南","z43",18.8204214,99.412,605.88,99.75,7918,2.033247834,4,0.997238289,3,82.63600159,489.7160339,86.17021179,5512,787,140.4199829,0.73,144,636303.5,127.2136078,675,122,4902.008301,66131164,2092.570801,4.832839489,341527.75,0.382045478,134.98,"z43",0.145354875816435,0.12342028964132,0.159324819975607,0.130262474181125,0.152163181225638,0.12675813498375
